entry,offset,span,inflated_size,numeric_hits,text_hits,known_struct,notes
0,0xe800,0x1ebf4,0x1ebf4,"26:u16=101:u32=38;57:u16=76:u32=22;58:u16=76:u32=15;131:u16=27:u32=1;174:u16=2:u32=1;294:u16=3:u32=2;586:u16=3:u32=2;699:u16=3:u32=2;911:u16=3:u32=2",,,"early_table"
1,0x2d400,0xc4d4,0xc4d4,"26:u16=9:u32=0;57:u16=2:u32=0;58:u16=4:u32=0;174:u16=1:u32=1",,,"early_table"
2,0x39900,0xd304,0xd304,"26:u16=21:u32=0;57:u16=13:u32=0;58:u16=13:u32=0;131:u16=5:u32=5;174:u16=31:u32=0",,,"early_table"
3,0x46d00,0x17804,0x17804,"26:u16=22:u32=0;57:u16=16:u32=1;58:u16=21:u32=1;131:u16=17:u32=0;174:u16=2:u32=0;294:u16=11:u32=0;586:u16=1:u32=0;699:u16=1:u32=0",,entry3_costume_static,"early_table"
5,0x5f000,0xe1c,0xe1c,"26:u16=1:u32=0;57:u16=9:u32=0",,,"early_table"
6,0x5ff00,0x48a10,0x48a10,"26:u16=96:u32=8;57:u16=74:u32=2;58:u16=43:u32=1;131:u16=144:u32=2;174:u16=1:u32=1",,,"early_table"
7,0xa8a00,0x2208,0x2208,"26:u16=52:u32=0;57:u16=53:u32=0;58:u16=13:u32=0;131:u16=4:u32=0",,,"early_table"
8,0xaad00,0x3f598,0x3f598,"26:u16=12:u32=2;57:u16=9:u32=2;58:u16=11:u32=3;131:u16=5:u32=2;174:u16=3:u32=0",,,"early_table"
10,0xec300,0xf730,0xf730,"26:u16=1:u32=1;57:u16=1:u32=1;58:u16=1:u32=1;131:u16=257:u32=2;174:u16=1:u32=1;294:u16=1:u32=1",,,"early_table"
11,0xfbb00,0xc700,0xc700,"26:u16=5:u32=1;57:u16=1:u32=0;58:u16=8:u32=2;131:u16=1:u32=0;294:u16=2:u32=0",,,"early_table"
12,0x108200,0x15ce0,0x15ce0,"26:u16=2:u32=0;57:u16=15:u32=0;58:u16=17:u32=0;131:u16=12:u32=0;174:u16=1:u32=0;294:u16=1:u32=0",,,"early_table"
13,0x11df00,0xa038,0xa038,"26:u16=11:u32=2;57:u16=5:u32=2;58:u16=4:u32=1;131:u16=3:u32=0;174:u16=3:u32=0;294:u16=2:u32=0",,,"early_table"
14,0x128000,0x2ee0,0x2ee0,"26:u16=5:u32=0;57:u16=3:u32=0;58:u16=3:u32=0",,,"early_table"
16,0x12b100,0xa060,0xa060,"26:u16=16:u32=15;57:u16=5:u32=5;58:u16=5:u32=5;131:u16=1:u32=1",,,"early_table"
17,0x135200,0x6af90,0x6af90,"26:u16=472:u32=194;57:u16=56:u32=54;58:u16=114:u32=112;131:u16=56:u32=56;174:u16=54:u32=54;294:u16=1:u32=1;586:u16=1:u32=1;699:u16=1:u32=1;911:u16=1:u32=1",,,"early_table"
18,0x1a0200,0x13e8,0x13e8,"26:u16=4:u32=0;57:u16=2:u32=0;58:u16=2:u32=0;131:u16=4:u32=0;174:u16=1:u32=0;294:u16=2:u32=0",,,"early_table"
19,0x1a1600,0x2dc4,0x2dc4,"26:u16=3:u32=0;57:u16=3:u32=0;174:u16=1:u32=0",,,"early_table"
20,0x1a4400,0x3910,0x3910,"26:u16=1:u32=0;58:u16=17:u32=4;131:u16=1:u32=0;174:u16=1:u32=0",,,"early_table"
21,0x1a7e00,0x12c0,0x12c0,"26:u16=2:u32=0;57:u16=6:u32=0;58:u16=1:u32=0;131:u16=1:u32=0;174:u16=5:u32=0",,,"early_table"
22,0x1a9100,0x5c2e0,0x5c2e0,"26:u16=72:u32=22;58:u16=1:u32=1;131:u16=2:u32=2;586:u16=3:u32=0",,,"early_table"
24,0x205700,0x2a48,0x2a48,"58:u16=2:u32=0",,,"early_table"
25,0x208200,0x7474,0x7474,"26:u16=20:u32=1;57:u16=12:u32=2;58:u16=15:u32=2;131:u16=11:u32=2;174:u16=5:u32=1;294:u16=2:u32=1",,,"early_table"
26,0x20f700,0x4b0,0x4b0,"57:u16=1:u32=0;58:u16=2:u32=0;294:u16=1:u32=1",,,"early_table"
27,0x20fc00,0x484,0x484,"26:u16=4:u32=1;57:u16=2:u32=1;58:u16=2:u32=1",,,"early_table"
29,0x210200,0x571c,0x571c,"26:u16=1:u32=0;57:u16=11:u32=3;911:u16=9:u32=9","DLC_COSTUME_006_586_026_003=2;DLC_COSTUME_007_699_026_004=1",entry29_dlc_codes,"early_table"
30,0x215a00,0x1d20,0x1d20,"26:u16=14:u32=0;57:u16=12:u32=0",,,"text_heavy;early_table"
31,0x217800,0x420,0x420,"57:u16=4:u32=1",,,"text_heavy;early_table"
32,0x217d00,0x14aa0a,0x14aa0a,"26:u16=196:u32=166;57:u16=2831:u32=9;58:u16=44:u32=13;131:u16=55:u32=0;174:u16=18:u32=0;294:u16=15:u32=0;699:u16=1:u32=0","MPLC026=2;MDLC999=1;806_131=2",entry32_string_registry,"text_heavy;early_table"
33,0x362800,0x42e4e0,0x42e4e0,"26:u16=3:u32=0;57:u16=10:u32=7;58:u16=13:u32=10;131:u16=6:u32=0;174:u16=6:u32=0",,,"text_heavy;early_table"
34,0x790d00,0xb30,0xb30,"57:u16=18:u32=1",,,"text_heavy;early_table"
35,0x791900,0x13e10,0x13e10,"26:u16=22:u32=11;57:u16=2:u32=1;58:u16=7:u32=6;131:u16=3:u32=0;174:u16=13:u32=0",,entry35_model_rows,"early_table"
39,0x833a00,0x8350,0x8350,,,entry39_costume_params,"early_table"
40,0x83be00,0x7090,0x7090,"26:u16=1:u32=0;131:u16=2:u32=2",,,"early_table"
42,0x843300,0xb9710,0xb9710,"26:u16=996:u32=0;57:u16=994:u32=0;58:u16=134:u32=0;131:u16=993:u32=0;174:u16=784:u32=0",,,"early_table"
51,0x903e00,0x4ca10,0x4ca10,"131:u16=1:u32=1",,,"early_table"
52,0x950900,0xcb270,0xcb270,"26:u16=414:u32=414;57:u16=74:u32=74;58:u16=71:u32=71;131:u16=56:u32=56;174:u16=3:u32=3;294:u16=65:u32=65;586:u16=3:u32=3;699:u16=4:u32=4;911:u16=1:u32=1",,entry52_costume_records,"early_table"
53,0xa1bc00,0x790,0x790,"57:u16=2:u32=0;58:u16=2:u32=0",,,"early_table"
54,0xa1c400,0x1efc0,0x1efc0,"26:u16=15:u32=15;57:u16=10:u32=2;58:u16=1:u32=0;131:u16=11:u32=10;174:u16=8:u32=7;294:u16=9:u32=7",,,"text_heavy;early_table"
56,0xa3b600,0x490,0x490,"58:u16=9:u32=0",,,"early_table"
58,0xa3bc00,0xd960,0xd960,"26:u16=6:u32=5;57:u16=36:u32=36;58:u16=27:u32=26;131:u16=9:u32=6;174:u16=1:u32=0",,entry58_costume_sections,"early_table"
59,0xa49600,0x1d4c10,0x1d4c10,"26:u16=67:u32=8;57:u16=49:u32=5;58:u16=41:u32=18;131:u16=45:u32=25;911:u16=15:u32=15",,,"early_table"
60,0xc1e300,0x64030,0x64030,"26:u16=21:u32=20;57:u16=23:u32=12;58:u16=30:u32=23;911:u16=1:u32=1",,,"early_table"
61,0xc82400,0x169d0,0x169d0,"26:u16=41:u32=29;57:u16=278:u32=274;58:u16=147:u32=140;131:u16=1:u32=1;911:u16=1:u32=1",,,"early_table"
62,0xc98e00,0x17810,0x17810,"26:u16=26:u32=12;57:u16=23:u32=8;58:u16=10:u32=8;131:u16=7:u32=7;174:u16=1:u32=1;294:u16=10:u32=10;911:u16=1:u32=1",,,"early_table"
63,0xcb0700,0x37e10,0x37e10,"26:u16=23:u32=10;57:u16=15:u32=0;58:u16=5:u32=1;131:u16=27:u32=13;911:u16=1:u32=1",,,"early_table"
64,0xce8600,0x98e30,0x98e30,"26:u16=178:u32=115;57:u16=25:u32=0;58:u16=26:u32=2;131:u16=1493:u32=1464",,,"early_table"
66,0xd81b00,0xc9f0,0xc9f0,"26:u16=1:u32=1;57:u16=1:u32=1;58:u16=2:u32=1;131:u16=2:u32=1;586:u16=1:u32=1",,,
67,0xd8e500,0xa70,0xa70,"26:u16=2:u32=2;57:u16=1:u32=1;58:u16=1:u32=1",,,
68,0xd8f000,0x2c590,0x2c590,"26:u16=17:u32=16;57:u16=29:u32=29;58:u16=26:u32=26;131:u16=2:u32=2;174:u16=1:u32=1;586:u16=2:u32=2",,,
69,0xdbb600,0x2b870,0x2b870,"26:u16=7:u32=6;57:u16=16:u32=16;58:u16=21:u32=21;131:u16=2:u32=2;174:u16=1:u32=1;294:u16=10:u32=10;586:u16=3:u32=3",,,
70,0xde6f00,0x264c0,0x264c0,"26:u16=25:u32=24;57:u16=23:u32=23;58:u16=24:u32=24;174:u16=1:u32=1;586:u16=14:u32=14",,,
71,0xe0d400,0x26170,0x26170,"26:u16=7:u32=6;57:u16=23:u32=23;58:u16=23:u32=23;131:u16=4:u32=4;174:u16=1:u32=1;586:u16=2:u32=2",,,
72,0xe33600,0x2c4d0,0x2c4d0,"26:u16=4:u32=3;57:u16=14:u32=14;58:u16=23:u32=23;131:u16=3:u32=3;174:u16=1:u32=1;294:u16=11:u32=11;586:u16=2:u32=2",,,
73,0xe5fb00,0x23ab0,0x23ab0,"26:u16=723:u32=380;57:u16=22:u32=22;58:u16=24:u32=24;131:u16=2:u32=2;174:u16=1:u32=1;586:u16=2:u32=2",,,
74,0xe83600,0x2c3c0,0x2c3c0,"26:u16=24:u32=23;57:u16=24:u32=24;58:u16=23:u32=23;174:u16=1:u32=1;294:u16=10:u32=10;586:u16=14:u32=14",,,
75,0xeafa00,0x23f20,0x23f20,"26:u16=17:u32=16;57:u16=24:u32=24;58:u16=24:u32=24;131:u16=2:u32=2;174:u16=1:u32=1;586:u16=2:u32=2",,,
76,0xed3a00,0x27020,0x27020,"26:u16=19:u32=18;57:u16=21:u32=21;58:u16=24:u32=24;131:u16=4:u32=4;174:u16=2:u32=2;586:u16=2:u32=2",,,
77,0xefab00,0x2c090,0x2c090,"26:u16=14:u32=13;57:u16=16:u32=16;58:u16=24:u32=24;131:u16=2:u32=2;174:u16=1:u32=1;586:u16=2:u32=2;911:u16=1:u32=1",,,
78,0xf26c00,0x272e0,0x272e0,"26:u16=10:u32=9;57:u16=22:u32=22;58:u16=24:u32=24;131:u16=1:u32=1;174:u16=1:u32=1;586:u16=2:u32=2",,,
79,0xf4df00,0x22ee0,0x22ee0,"26:u16=4:u32=3;57:u16=23:u32=23;58:u16=27:u32=27;131:u16=2:u32=2;174:u16=1:u32=1;586:u16=2:u32=2",,,
80,0xf70e00,0x26010,0x26010,"26:u16=7:u32=6;57:u16=22:u32=22;58:u16=25:u32=25;131:u16=2:u32=2;174:u16=1:u32=1;294:u16=10:u32=10;586:u16=2:u32=2",,,
81,0xf96f00,0x268a0,0x268a0,"26:u16=27:u32=26;57:u16=599:u32=302;58:u16=188:u32=107;131:u16=2:u32=2;174:u16=1:u32=1;586:u16=2:u32=2;699:u16=11:u32=11",,,
82,0xfbd800,0x2ba80,0x2ba80,"26:u16=19:u32=18;57:u16=15:u32=15;58:u16=347:u32=175;131:u16=2:u32=2;174:u16=1:u32=1;294:u16=1:u32=1;586:u16=2:u32=2",,,
83,0xfe9300,0x276c0,0x276c0,"26:u16=10:u32=9;57:u16=21:u32=21;58:u16=26:u32=26;131:u16=3:u32=3;174:u16=1:u32=1;294:u16=11:u32=11;586:u16=2:u32=2",,,
84,0x1010a00,0x22d20,0x22d20,"26:u16=35:u32=34;57:u16=17:u32=17;58:u16=21:u32=21;131:u16=2:u32=2;174:u16=1:u32=1;586:u16=2:u32=2",,,
85,0x1033800,0x2c340,0x2c340,"26:u16=8:u32=7;57:u16=28:u32=28;58:u16=38:u32=38;131:u16=3:u32=3;174:u16=1:u32=1;294:u16=11:u32=11;586:u16=2:u32=2;911:u16=1:u32=1",,,
86,0x105fc00,0x26440,0x26440,"26:u16=10:u32=9;57:u16=18:u32=18;58:u16=23:u32=23;131:u16=2:u32=2;174:u16=1:u32=1;586:u16=2:u32=2",,,
87,0x1086100,0x287d0,0x287d0,"26:u16=23:u32=21;57:u16=14:u32=14;58:u16=21:u32=21;131:u16=2:u32=2;174:u16=1:u32=1;586:u16=2:u32=2",,,
88,0x10ae900,0x2b2e0,0x2b2e0,"26:u16=26:u32=25;57:u16=26:u32=26;58:u16=27:u32=27;131:u16=3:u32=3;174:u16=20:u32=20;294:u16=11:u32=11;586:u16=2:u32=2;911:u16=1:u32=1",,,
89,0x10d9c00,0x2b9c0,0x2b9c0,"26:u16=6:u32=5;57:u16=15:u32=15;58:u16=25:u32=25;131:u16=3:u32=3;174:u16=1:u32=1;294:u16=11:u32=11;586:u16=2:u32=2",,,
90,0x1105600,0x30c20,0x30c20,"26:u16=78:u32=73;57:u16=17:u32=17;58:u16=24:u32=24;131:u16=2:u32=2;174:u16=1:u32=1;586:u16=2:u32=2;911:u16=1:u32=1",,,
91,0x1136300,0x2af00,0x2af00,"26:u16=5:u32=4;57:u16=16:u32=16;58:u16=22:u32=22;131:u16=3:u32=3;174:u16=1:u32=1;294:u16=11:u32=11;586:u16=2:u32=2",,,
92,0x1161200,0x217a0,0x217a0,"26:u16=6:u32=5;57:u16=19:u32=19;58:u16=23:u32=23;174:u16=1:u32=1;586:u16=14:u32=14",,,
93,0x1182a00,0x2c1d0,0x2c1d0,"26:u16=7:u32=6;57:u16=15:u32=15;58:u16=22:u32=22;131:u16=4:u32=4;174:u16=1:u32=1;586:u16=2:u32=2",,,
94,0x11aec00,0x25430,0x25430,"26:u16=12:u32=11;57:u16=16:u32=16;58:u16=21:u32=21;131:u16=2:u32=2;174:u16=1:u32=1;294:u16=1:u32=0;586:u16=2:u32=2",,,
95,0x11d4100,0x28540,0x28540,"26:u16=9:u32=8;57:u16=20:u32=20;58:u16=23:u32=23;131:u16=3:u32=3;174:u16=1:u32=1;294:u16=11:u32=11;586:u16=3:u32=2;911:u16=1:u32=1",,,
96,0x11fc700,0x2af50,0x2af50,"26:u16=2:u32=1;57:u16=37:u32=37;58:u16=23:u32=23;131:u16=2:u32=2;174:u16=1:u32=1;586:u16=2:u32=2",,,
97,0x1227700,0x341f0,0x341f0,"26:u16=8:u32=7;57:u16=15:u32=15;58:u16=28:u32=28;131:u16=2:u32=2;174:u16=1:u32=1;586:u16=2:u32=2",,,
98,0x125b900,0x24dc0,0x24dc0,"26:u16=4:u32=3;57:u16=21:u32=21;58:u16=40:u32=40;131:u16=2:u32=2;174:u16=1:u32=1;586:u16=2:u32=2",,,
99,0x1280700,0x29c80,0x29c80,"26:u16=7:u32=6;57:u16=23:u32=23;58:u16=24:u32=24;131:u16=2:u32=2;174:u16=1:u32=1;586:u16=2:u32=2",,,
100,0x12aa400,0x23860,0x23860,"26:u16=5:u32=4;57:u16=20:u32=20;58:u16=26:u32=26;131:u16=852:u32=417;174:u16=1:u32=1;294:u16=22:u32=22;586:u16=14:u32=14",,,
101,0x12cdd00,0x379d0,0x379d0,"26:u16=4:u32=3;57:u16=19:u32=18;58:u16=22:u32=22;131:u16=1:u32=1;174:u16=1:u32=1;294:u16=11:u32=11;586:u16=14:u32=14;911:u16=1:u32=1",,,
102,0x1305700,0x2a5d0,0x2a5d0,"26:u16=8:u32=7;57:u16=22:u32=22;58:u16=25:u32=25;131:u16=3:u32=3;174:u16=1:u32=1;294:u16=11:u32=11;586:u16=2:u32=2",,,
103,0x132fd00,0x30c00,0x30c00,"26:u16=9:u32=8;57:u16=23:u32=23;58:u16=23:u32=23;131:u16=3:u32=3;174:u16=1:u32=1;294:u16=11:u32=11;586:u16=2:u32=2;911:u16=1:u32=1",,,
104,0x1360900,0x2e480,0x2e480,"26:u16=27:u32=26;57:u16=20:u32=20;58:u16=23:u32=23;131:u16=3:u32=3;174:u16=2:u32=1;294:u16=11:u32=11;586:u16=2:u32=2;911:u16=1:u32=1",,,
105,0x138ee00,0x2e5f0,0x2e5f0,"26:u16=6:u32=5;57:u16=23:u32=22;58:u16=24:u32=24;131:u16=2:u32=2;174:u16=1:u32=1;586:u16=2:u32=2",,,
106,0x13bd400,0x3d900,0x3d900,"26:u16=33:u32=32;57:u16=14:u32=14;58:u16=22:u32=22;174:u16=1:u32=1;586:u16=14:u32=14;911:u16=23:u32=23",,,
107,0x13fad00,0x27a50,0x27a50,"26:u16=4:u32=3;57:u16=16:u32=16;58:u16=21:u32=21;131:u16=2:u32=2;174:u16=1:u32=1;586:u16=2:u32=2",,,
108,0x1422800,0x253c0,0x253c0,"26:u16=2:u32=1;57:u16=15:u32=15;58:u16=23:u32=23;131:u16=1:u32=1;174:u16=1:u32=1;586:u16=2:u32=2;911:u16=1:u32=1",,,
109,0x1447c00,0x459b0,0x459b0,"26:u16=14:u32=13;57:u16=22:u32=22;58:u16=28:u32=28;131:u16=2:u32=2;174:u16=1:u32=1;586:u16=2:u32=2",,,
110,0x148d600,0x255d0,0x255d0,"26:u16=4:u32=3;57:u16=22:u32=22;58:u16=24:u32=24;131:u16=2:u32=2;174:u16=1:u32=1;586:u16=2:u32=2",,,
111,0x14b2c00,0x1a4e0,0x1a4e0,"26:u16=3:u32=2;57:u16=20:u32=20;58:u16=20:u32=20;174:u16=1:u32=1;586:u16=14:u32=14",,,
112,0x14cd100,0x190e0,0x190e0,"26:u16=16:u32=10;57:u16=21:u32=21;58:u16=20:u32=20;131:u16=2:u32=2;174:u16=1:u32=1;586:u16=2:u32=2",,,
113,0x14e6200,0x1e730,0x1e730,"26:u16=5:u32=4;57:u16=23:u32=23;58:u16=19:u32=19;174:u16=1:u32=1;294:u16=10:u32=10;586:u16=14:u32=14",,,
114,0x1504a00,0x1c1f0,0x1c1f0,"26:u16=4:u32=3;57:u16=22:u32=22;58:u16=19:u32=19;131:u16=2:u32=2;174:u16=1:u32=1;586:u16=2:u32=2",,,
115,0x1520c00,0x108f0,0x108f0,"26:u16=2:u32=1;57:u16=1:u32=1;131:u16=3:u32=3;699:u16=11:u32=11",,,
116,0x1531500,0x1e160,0x1e160,"26:u16=17:u32=16;57:u16=20:u32=20;58:u16=19:u32=19;131:u16=2:u32=2;174:u16=1:u32=1;586:u16=2:u32=2",,,
117,0x154f700,0x1b540,0x1b540,"26:u16=4:u32=3;57:u16=22:u32=22;58:u16=19:u32=19;131:u16=2:u32=2;174:u16=1:u32=1;586:u16=2:u32=2",,,
118,0x156ad00,0x1ec70,0x1ec70,"26:u16=6:u32=5;57:u16=21:u32=21;58:u16=19:u32=19;131:u16=2:u32=2;174:u16=1:u32=1;586:u16=2:u32=2",,,
119,0x1589a00,0x1d300,0x1d300,"26:u16=5:u32=4;57:u16=20:u32=20;58:u16=23:u32=23;131:u16=2:u32=2;174:u16=1:u32=1;586:u16=2:u32=2",,,
120,0x15a6d00,0x21240,0x21240,"26:u16=8:u32=7;57:u16=23:u32=23;58:u16=21:u32=21;131:u16=4:u32=3;174:u16=1:u32=1;294:u16=11:u32=11;586:u16=2:u32=2",,,
121,0x15c8000,0x1dc30,0x1dc30,"26:u16=7:u32=6;57:u16=21:u32=21;58:u16=20:u32=20;131:u16=2:u32=2;174:u16=1:u32=1;586:u16=2:u32=2",,,
122,0x15e5d00,0x1bc00,0x1bc00,"26:u16=6:u32=5;57:u16=21:u32=21;58:u16=20:u32=20;131:u16=2:u32=2;174:u16=1:u32=1;586:u16=2:u32=2",,,
123,0x1601900,0x1b300,0x1b300,"26:u16=2:u32=1;57:u16=20:u32=20;58:u16=19:u32=19;131:u16=2:u32=2;174:u16=1:u32=1;586:u16=2:u32=2",,,
124,0x161cc00,0x1d830,0x1d830,"26:u16=4:u32=3;57:u16=22:u32=22;58:u16=24:u32=24;131:u16=2:u32=2;174:u16=1:u32=1;294:u16=10:u32=10;586:u16=2:u32=2",,,
125,0x163a500,0x1d200,0x1d200,"26:u16=10:u32=9;57:u16=21:u32=21;58:u16=20:u32=20;131:u16=2:u32=2;174:u16=1:u32=1;586:u16=2:u32=2",,,
126,0x1657700,0x1d900,0x1d900,"26:u16=15:u32=14;57:u16=22:u32=22;58:u16=24:u32=24;131:u16=2:u32=2;174:u16=1:u32=1;586:u16=2:u32=2",,,
127,0x1675000,0x1ba20,0x1ba20,"26:u16=8:u32=7;57:u16=20:u32=20;58:u16=19:u32=19;131:u16=2:u32=2;174:u16=1:u32=1;586:u16=2:u32=2",,,
128,0x1690b00,0x162c0,0x162c0,"26:u16=2:u32=1;57:u16=21:u32=21;58:u16=20:u32=20;131:u16=1:u32=1;174:u16=1:u32=1;294:u16=1:u32=0;586:u16=2:u32=2",,,
129,0x16a6e00,0x1b8d0,0x1b8d0,"26:u16=4:u32=3;57:u16=22:u32=22;58:u16=20:u32=20;131:u16=2:u32=2;174:u16=1:u32=1;294:u16=10:u32=10;586:u16=2:u32=2",,,
130,0x16c2700,0x15cc0,0x15cc0,"26:u16=2:u32=1;57:u16=20:u32=20;58:u16=19:u32=19;131:u16=2:u32=1;174:u16=1:u32=1;586:u16=2:u32=2",,,
131,0x16d8400,0xf430,0xf430,"26:u16=2:u32=1;57:u16=20:u32=20;58:u16=19:u32=19;131:u16=3:u32=2;586:u16=2:u32=2",,,
132,0x16e7900,0xa930,0xa930,"26:u16=2:u32=1;57:u16=1:u32=1;131:u16=3:u32=2",,,
133,0x16f2300,0xa930,0xa930,"26:u16=2:u32=1;57:u16=1:u32=1;131:u16=3:u32=2",,,
134,0x16fcd00,0x1af10,0x1af10,"26:u16=4:u32=3;57:u16=20:u32=20;58:u16=23:u32=23;131:u16=2:u32=2;174:u16=1:u32=1;586:u16=2:u32=2",,,
135,0x1717d00,0x18b30,0x18b30,"26:u16=2:u32=1;57:u16=20:u32=20;58:u16=19:u32=19;131:u16=1:u32=1;174:u16=1:u32=1;586:u16=2:u32=2",,,
136,0x1730900,0x1bc00,0x1bc00,"26:u16=4:u32=3;57:u16=20:u32=20;58:u16=19:u32=19;131:u16=2:u32=2;174:u16=1:u32=1;586:u16=2:u32=2",,,
137,0x174c500,0x168d0,0x168d0,"26:u16=3:u32=2;57:u16=23:u32=23;58:u16=25:u32=25;131:u16=1:u32=1;174:u16=1:u32=1;294:u16=10:u32=10;586:u16=2:u32=2",,,
138,0x1762e00,0x1b590,0x1b590,"26:u16=10:u32=9;57:u16=20:u32=20;58:u16=19:u32=19;131:u16=2:u32=2;174:u16=1:u32=1;586:u16=2:u32=2",,,
139,0x177e400,0x1b690,0x1b690,"26:u16=3:u32=2;57:u16=20:u32=20;58:u16=19:u32=19;131:u16=2:u32=2;174:u16=1:u32=1;294:u16=10:u32=10;586:u16=2:u32=2",,,
140,0x1799b00,0x1c150,0x1c150,"26:u16=4:u32=3;57:u16=19:u32=19;58:u16=19:u32=18;131:u16=2:u32=2;174:u16=1:u32=1;586:u16=2:u32=2",,,
141,0x17b5d00,0x1a540,0x1a540,"26:u16=4:u32=3;57:u16=20:u32=20;58:u16=19:u32=19;131:u16=2:u32=2;174:u16=1:u32=1;586:u16=2:u32=2",,,
142,0x17d0300,0x1adf0,0x1adf0,"26:u16=9:u32=8;57:u16=20:u32=20;58:u16=19:u32=19;131:u16=2:u32=2;174:u16=1:u32=1;586:u16=2:u32=2",,,
143,0x17eb100,0x1b370,0x1b370,"26:u16=4:u32=3;57:u16=20:u32=20;58:u16=19:u32=19;131:u16=2:u32=2;174:u16=1:u32=1;586:u16=2:u32=2",,,
144,0x1806500,0x1c7a0,0x1c7a0,"26:u16=4:u32=3;57:u16=21:u32=21;58:u16=24:u32=24;131:u16=2:u32=2;174:u16=1:u32=1;294:u16=10:u32=10;586:u16=2:u32=2",,,
145,0x1822d00,0x1ccf0,0x1ccf0,"26:u16=15:u32=14;57:u16=21:u32=21;58:u16=24:u32=24;131:u16=2:u32=2;174:u16=1:u32=1;586:u16=2:u32=2",,,
146,0x183fa00,0x1adc0,0x1adc0,"26:u16=7:u32=6;57:u16=20:u32=20;58:u16=19:u32=19;131:u16=2:u32=2;174:u16=1:u32=1;586:u16=2:u32=2",,,
147,0x185a800,0x18da0,0x18da0,"26:u16=3:u32=2;57:u16=21:u32=21;58:u16=20:u32=20;131:u16=1:u32=1;174:u16=1:u32=1;294:u16=1:u32=1;586:u16=2:u32=2",,,
148,0x1873600,0x19a50,0x19a50,"26:u16=4:u32=3;57:u16=20:u32=20;58:u16=19:u32=19;131:u16=2:u32=2;174:u16=1:u32=1;586:u16=2:u32=2",,,
149,0x188d100,0x1a7b0,0x1a7b0,"26:u16=4:u32=3;57:u16=21:u32=21;58:u16=20:u32=20;131:u16=2:u32=2;174:u16=1:u32=1;294:u16=10:u32=10;586:u16=2:u32=2",,,
150,0x18a7900,0x1b6d0,0x1b6d0,"26:u16=5:u32=4;57:u16=21:u32=21;58:u16=21:u32=21;131:u16=2:u32=2;174:u16=1:u32=1;586:u16=2:u32=2",,,
151,0x18c3000,0x3fa0,0x3fa0,"58:u16=1:u32=0",,,
152,0x18c7000,0x2bb30,0x2bb30,"26:u16=2:u32=1;57:u16=63:u32=39;58:u16=18:u32=18;131:u16=3:u32=3;174:u16=1:u32=1;586:u16=3:u32=2;699:u16=1:u32=1",,,
153,0x18f2c00,0x19600,0x19600,"26:u16=2:u32=1;57:u16=19:u32=19;58:u16=18:u32=18;131:u16=2:u32=2;174:u16=1:u32=1;586:u16=2:u32=2",,,
154,0x190c200,0x21c30,0x21c30,"26:u16=2:u32=1;57:u16=20:u32=19;58:u16=18:u32=18;131:u16=2:u32=2;174:u16=1:u32=1;586:u16=2:u32=2",,,
155,0x192df00,0x23af0,0x23af0,"26:u16=2:u32=1;57:u16=20:u32=19;58:u16=18:u32=18;131:u16=2:u32=2;174:u16=1:u32=1;586:u16=2:u32=2",,,
156,0x1951a00,0x17b10,0x17b10,"26:u16=2:u32=1;57:u16=20:u32=20;58:u16=18:u32=18;131:u16=3:u32=2;174:u16=1:u32=1;586:u16=2:u32=2",,,
157,0x1969600,0x25c20,0x25c20,"26:u16=2:u32=1;57:u16=20:u32=20;58:u16=19:u32=19;131:u16=2:u32=2;174:u16=1:u32=1;586:u16=2:u32=2",,,
158,0x198f300,0x18650,0x18650,"26:u16=2:u32=1;57:u16=20:u32=20;58:u16=18:u32=18;131:u16=2:u32=2;174:u16=1:u32=1;586:u16=2:u32=2",,,
159,0x19a7a00,0x17a60,0x17a60,"26:u16=2:u32=1;57:u16=20:u32=20;58:u16=18:u32=18;131:u16=2:u32=2;174:u16=1:u32=1;586:u16=2:u32=2",,,
160,0x19bf500,0x17f30,0x17f30,"26:u16=2:u32=1;57:u16=20:u32=20;58:u16=76:u32=48;131:u16=2:u32=2;174:u16=1:u32=1;586:u16=2:u32=2",,,
161,0x19d7500,0x18ba0,0x18ba0,"26:u16=8:u32=7;57:u16=19:u32=19;58:u16=18:u32=18;131:u16=2:u32=2;174:u16=1:u32=1;586:u16=2:u32=2",,,
162,0x19f0100,0xd330,0xd330,"26:u16=2:u32=1;57:u16=1:u32=1;131:u16=2:u32=2;699:u16=11:u32=11",,,
163,0x19fd500,0xe100,0xe100,"26:u16=2:u32=1;57:u16=2:u32=2;131:u16=2:u32=2;174:u16=2:u32=0;699:u16=11:u32=11",,,
164,0x1a0b600,0x155d0,0x155d0,"26:u16=4:u32=3;57:u16=1:u32=1;58:u16=1:u32=1;294:u16=1:u32=1;586:u16=12:u32=12;699:u16=11:u32=11",,,
165,0x1a20c00,0xf850,0xf850,"26:u16=2:u32=1;57:u16=7:u32=7;131:u16=2:u32=2;699:u16=11:u32=11",,,
166,0x1a30500,0xd390,0xd390,"26:u16=2:u32=1;57:u16=1:u32=1;131:u16=2:u32=2;699:u16=11:u32=11",,,
167,0x1a3d900,0xd330,0xd330,"26:u16=2:u32=1;57:u16=1:u32=1;131:u16=2:u32=2;699:u16=11:u32=11",,,
168,0x1a4ad00,0x18c90,0x18c90,"26:u16=4:u32=3;57:u16=20:u32=20;58:u16=19:u32=19;131:u16=2:u32=2;174:u16=1:u32=1;586:u16=2:u32=2;699:u16=11:u32=11",,,
169,0x1a63a00,0x185f0,0x185f0,"26:u16=2:u32=1;57:u16=9:u32=9;58:u16=8:u32=8;131:u16=3:u32=3;699:u16=11:u32=11",,,
170,0x1a7c000,0xdd50,0xdd50,"26:u16=2:u32=1;57:u16=1:u32=1;131:u16=2:u32=2;699:u16=11:u32=11",,,
171,0x1a89e00,0xd3b0,0xd3b0,"26:u16=2:u32=1;57:u16=1:u32=1;131:u16=2:u32=2",,,
172,0x1a97200,0xd3b0,0xd3b0,"26:u16=2:u32=1;57:u16=1:u32=1;131:u16=2:u32=2",,,
173,0x1aa4600,0xd4c0,0xd4c0,"26:u16=2:u32=1;57:u16=1:u32=1;131:u16=2:u32=2",,,
174,0x1ab1b00,0xcf50,0xcf50,"26:u16=2:u32=1;57:u16=1:u32=1;131:u16=2:u32=2",,,
175,0x1abeb00,0xc8a0,0xc8a0,"26:u16=2:u32=1;57:u16=1:u32=1;131:u16=2:u32=2",,,
176,0x1acb400,0xcf90,0xcf90,"26:u16=2:u32=1;57:u16=1:u32=1;131:u16=3:u32=3",,,
177,0x1ad8400,0xc9e0,0xc9e0,"26:u16=2:u32=1;57:u16=1:u32=1;131:u16=2:u32=2",,,
178,0x1ae4e00,0xcb10,0xcb10,"26:u16=2:u32=1;57:u16=1:u32=1;131:u16=2:u32=2",,,
179,0x1af1a00,0xcca0,0xcca0,"26:u16=2:u32=1;57:u16=1:u32=1;131:u16=2:u32=2",,,
180,0x1afe700,0xcca0,0xcca0,"26:u16=2:u32=1;57:u16=1:u32=1;131:u16=2:u32=2",,,
181,0x1b0b400,0xcda0,0xcda0,"26:u16=2:u32=1;57:u16=1:u32=1;131:u16=2:u32=2",,,
182,0x1b18200,0xcda0,0xcda0,"26:u16=2:u32=1;57:u16=1:u32=1;131:u16=2:u32=2",,,
187,0x1b2a700,0x5e50,0x5e50,"26:u16=3:u32=1",,,
188,0x1b30600,0x1f50,0x1f50,"26:u16=3:u32=0;58:u16=4:u32=4",,,
189,0x1b32600,0xce00,0xce00,"57:u16=3:u32=1;58:u16=2:u32=1",,,
192,0x1b41c00,0xfcb0,0xfcb0,"57:u16=10:u32=10;58:u16=10:u32=10;131:u16=1:u32=1",,,
195,0x1b54400,0x1f60,0x1f60,"26:u16=1:u32=0",,,
198,0x1b58a00,0x2200,0x2200,"26:u16=4:u32=0",,,
199,0x1b5ac00,0x1900,0x1900,"26:u16=1:u32=1",,,
204,0x1b62300,0x12710,0x12710,"26:u16=3:u32=2;57:u16=21:u32=21;58:u16=24:u32=24;131:u16=2:u32=2;586:u16=2:u32=2",,,
205,0x1b74b00,0x1610,0x1610,"26:u16=46:u32=28",,,
206,0x1b76200,0x112a0,0x112a0,"26:u16=2:u32=1;57:u16=3:u32=3;131:u16=2:u32=2",,,
207,0x1b87500,0x29080,0x29080,"26:u16=21:u32=20;57:u16=22:u32=22;58:u16=27:u32=27;131:u16=3:u32=3;174:u16=1:u32=1;294:u16=11:u32=11;586:u16=2:u32=2;911:u16=1:u32=1",,,
208,0x1bb0600,0x22190,0x22190,"26:u16=4:u32=3;57:u16=14:u32=14;58:u16=18:u32=18;131:u16=4:u32=3;174:u16=1:u32=1;294:u16=11:u32=11;586:u16=2:u32=2",,,
209,0x1bd2800,0x250d0,0x250d0,"26:u16=6:u32=5;57:u16=18:u32=18;58:u16=21:u32=21;131:u16=2:u32=2;174:u16=1:u32=1;586:u16=2:u32=2",,,
210,0x1bf7900,0xf4e0,0xf4e0,"26:u16=3:u32=2;586:u16=12:u32=12",,,
211,0x1c06e00,0xd530,0xd530,"26:u16=2:u32=1;57:u16=1:u32=1;131:u16=3:u32=3",,,
212,0x1c14400,0x405d0,0x405d0,"26:u16=19:u32=18;57:u16=13:u32=13;58:u16=17:u32=17;131:u16=1:u32=1;174:u16=2:u32=2;294:u16=11:u32=11;586:u16=14:u32=14;911:u16=1:u32=1",,,
213,0x1c54a00,0x20130,0x20130,"26:u16=1:u32=1;57:u16=14:u32=14;58:u16=4:u32=4;131:u16=1:u32=1;294:u16=11:u32=11",,,
214,0x1c74c00,0xfc90,0xfc90,"26:u16=2:u32=1;57:u16=1:u32=1;58:u16=4:u32=4;131:u16=2:u32=2",,,
215,0x1c84900,0x29360,0x29360,"26:u16=15:u32=14;57:u16=28:u32=28;58:u16=29:u32=29;131:u16=2:u32=2;174:u16=1:u32=1;586:u16=2:u32=2",,,
216,0x1cadd00,0x28b90,0x28b90,"26:u16=5:u32=3;57:u16=22:u32=22;58:u16=26:u32=26;131:u16=2:u32=2;174:u16=1:u32=1;294:u16=10:u32=10;586:u16=2:u32=2",,,
217,0x1cd6900,0x25a30,0x25a30,"26:u16=5:u32=4;57:u16=25:u32=25;58:u16=23:u32=23;131:u16=4:u32=4;174:u16=1:u32=1;586:u16=2:u32=2",,,
218,0x1cfc400,0x286c0,0x286c0,"26:u16=9:u32=8;57:u16=23:u32=23;58:u16=29:u32=29;131:u16=2:u32=2;174:u16=1:u32=1;586:u16=2:u32=2",,,
219,0x1d24b00,0x25590,0x25590,"26:u16=6:u32=5;57:u16=23:u32=23;58:u16=26:u32=26;131:u16=2:u32=2;174:u16=1:u32=1;586:u16=2:u32=2",,,
220,0x1d4a100,0x294e0,0x294e0,"26:u16=7:u32=6;57:u16=21:u32=21;58:u16=24:u32=24;131:u16=2:u32=2;174:u16=1:u32=1;586:u16=2:u32=2;699:u16=11:u32=11",,,
221,0x1d73600,0x28c10,0x28c10,"26:u16=10:u32=9;57:u16=24:u32=24;58:u16=29:u32=29;174:u16=1:u32=1;586:u16=14:u32=14",,,
222,0x1d9c300,0x23200,0x23200,"26:u16=9:u32=8;57:u16=24:u32=24;58:u16=25:u32=25;174:u16=1:u32=1;586:u16=14:u32=14",,,
223,0x1dbf500,0x26d50,0x26d50,"26:u16=9:u32=8;57:u16=21:u32=21;58:u16=26:u32=26;131:u16=2:u32=2;174:u16=1:u32=1;586:u16=2:u32=2",,,
224,0x1de6300,0x17f20,0x17f20,"26:u16=13:u32=12;57:u16=3:u32=3;58:u16=6:u32=6;131:u16=2:u32=2",,,
225,0x1dfe300,0x2cd80,0x2cd80,"26:u16=11:u32=10;57:u16=23:u32=23;58:u16=37:u32=37;131:u16=3:u32=3;174:u16=1:u32=1;294:u16=11:u32=11;586:u16=2:u32=2",,,
226,0x1e2b100,0x2a3d0,0x2a3d0,"26:u16=10:u32=9;57:u16=22:u32=22;58:u16=35:u32=35;131:u16=2:u32=2;174:u16=2:u32=2;586:u16=2:u32=2",,,
227,0x1e55500,0x1c0a0,0x1c0a0,"26:u16=2:u32=1;57:u16=22:u32=22;58:u16=28:u32=28;131:u16=1:u32=1;174:u16=1:u32=1;586:u16=2:u32=2",,,
228,0x1e71600,0x27280,0x27280,"26:u16=4:u32=3;57:u16=21:u32=21;58:u16=32:u32=32;131:u16=2:u32=2;174:u16=1:u32=1;586:u16=2:u32=2",,,
229,0x1e98900,0x215c0,0x215c0,"26:u16=2:u32=1;57:u16=22:u32=22;58:u16=25:u32=25;131:u16=1:u32=1;174:u16=1:u32=1;586:u16=2:u32=2",,,
230,0x1eb9f00,0x215c0,0x215c0,"26:u16=2:u32=1;57:u16=22:u32=22;58:u16=25:u32=25;131:u16=1:u32=1;174:u16=1:u32=1;586:u16=2:u32=2",,,
231,0x1edb500,0x24b10,0x24b10,"26:u16=5:u32=4;57:u16=18:u32=18;58:u16=24:u32=24;174:u16=1:u32=1;586:u16=14:u32=14",,,
232,0x1f00100,0x20a20,0x20a20,"26:u16=3:u32=2;57:u16=22:u32=22;58:u16=24:u32=24;131:u16=2:u32=2;174:u16=1:u32=1;586:u16=2:u32=2",,,
233,0x1f20c00,0x28f50,0x28f50,"26:u16=3:u32=2;57:u16=22:u32=22;58:u16=27:u32=27;131:u16=1:u32=1;174:u16=1:u32=1;586:u16=2:u32=2",,,
234,0x1f49c00,0x2d400,0x2d400,"26:u16=17:u32=16;57:u16=39:u32=39;58:u16=29:u32=29;131:u16=2:u32=2;174:u16=1:u32=1;586:u16=2:u32=2",,,
235,0x1f77000,0x24a40,0x24a40,"26:u16=19:u32=18;57:u16=23:u32=23;58:u16=26:u32=26;131:u16=4:u32=4;174:u16=1:u32=1;294:u16=11:u32=11;586:u16=2:u32=2",,,
236,0x1f9bb00,0xdff0,0xdff0,"26:u16=2:u32=1;57:u16=1:u32=1;131:u16=1:u32=1;699:u16=11:u32=11",,,
237,0x1fa9b00,0x21f70,0x21f70,"26:u16=5:u32=1;57:u16=21:u32=21;58:u16=24:u32=24;131:u16=2:u32=1;174:u16=1:u32=1;586:u16=2:u32=2",,,
238,0x1fcbb00,0x7c70,0x7c70,"26:u16=1:u32=1;911:u16=1:u32=1",,,
239,0x1fd3800,0x24490,0x24490,"26:u16=5:u32=4;57:u16=20:u32=20;58:u16=24:u32=24;174:u16=1:u32=1;586:u16=14:u32=14",,,
240,0x1ff7d00,0x23050,0x23050,"26:u16=6:u32=4;57:u16=20:u32=20;58:u16=25:u32=24;174:u16=1:u32=1;586:u16=14:u32=14",,,
241,0x201ae00,0x2330,0x2330,"26:u16=3:u32=0;699:u16=11:u32=11",,,
242,0x201d200,0x2a8a0,0x2a8a0,"26:u16=22:u32=21;57:u16=25:u32=25;58:u16=25:u32=25;174:u16=1:u32=1;586:u16=14:u32=14",,,
243,0x2047b00,0x23650,0x23650,"26:u16=7:u32=3;57:u16=20:u32=20;58:u16=25:u32=25;131:u16=1:u32=1;174:u16=1:u32=1;294:u16=11:u32=11;586:u16=14:u32=14",,,
244,0x206b200,0x2eae0,0x2eae0,"26:u16=8:u32=7;57:u16=24:u32=24;58:u16=34:u32=34;131:u16=2:u32=2;174:u16=1:u32=1;586:u16=2:u32=2",,,
245,0x2099d00,0x27f00,0x27f00,"26:u16=4:u32=3;57:u16=25:u32=25;58:u16=24:u32=24;131:u16=2:u32=2;174:u16=1:u32=1;586:u16=2:u32=2",,,
246,0x20c1c00,0x2df30,0x2df30,"26:u16=4:u32=3;57:u16=21:u32=21;58:u16=32:u32=32;131:u16=2:u32=2;174:u16=1:u32=1;586:u16=2:u32=2",,,
247,0x20efc00,0x45080,0x45080,"26:u16=45:u32=44;57:u16=15:u32=15;58:u16=24:u32=24;131:u16=2:u32=2;174:u16=1:u32=1;586:u16=2:u32=2",,,
248,0x2134d00,0x372a0,0x372a0,"26:u16=8:u32=7;57:u16=15:u32=15;58:u16=32:u32=32;131:u16=2:u32=2;174:u16=1:u32=1;294:u16=3:u32=3;586:u16=2:u32=2",,,
250,0x216c900,0x1d5b0,0x1d5b0,"26:u16=3:u32=2;57:u16=21:u32=21;58:u16=24:u32=24;131:u16=2:u32=2;174:u16=1:u32=1;586:u16=2:u32=2",,,
251,0x2189f00,0x21c90,0x21c90,"26:u16=10:u32=9;57:u16=21:u32=21;58:u16=26:u32=26;131:u16=3:u32=3;294:u16=11:u32=11;586:u16=2:u32=2",,,
252,0x21abc00,0x20660,0x20660,"26:u16=5:u32=4;57:u16=21:u32=21;58:u16=25:u32=25;174:u16=1:u32=1;586:u16=14:u32=14",,,
253,0x21cc300,0x3080,0x3080,"57:u16=2:u32=2",,,
254,0x21cf400,0x1ba20,0x1ba20,"26:u16=4:u32=3;57:u16=20:u32=20;58:u16=20:u32=20;131:u16=1:u32=1;294:u16=11:u32=11;586:u16=14:u32=14",,,
255,0x21eaf00,0x24640,0x24640,"26:u16=8:u32=7;57:u16=21:u32=21;58:u16=27:u32=27;174:u16=1:u32=1;586:u16=14:u32=14",,,
258,0x2210600,0x25560,0x25560,"26:u16=16:u32=15;57:u16=22:u32=22;58:u16=25:u32=25;131:u16=2:u32=2;174:u16=2:u32=1;586:u16=2:u32=2",,,
263,0x2237900,0x22410,0x22410,"26:u16=7:u32=6;57:u16=22:u32=22;58:u16=27:u32=27;131:u16=4:u32=2;174:u16=1:u32=1;586:u16=2:u32=2",,,
264,0x2259e00,0x21930,0x21930,"26:u16=3:u32=2;57:u16=21:u32=21;58:u16=24:u32=24;131:u16=4:u32=4;174:u16=1:u32=1;294:u16=11:u32=11;586:u16=2:u32=2",,,
265,0x227b800,0x8660,0x8660,"26:u16=1:u32=1;58:u16=4:u32=4",,,
271,0x2289300,0x790,0x790,"26:u16=2:u32=0",,,
275,0x228bb00,0x970,0x970,"26:u16=1:u32=0",,,
277,0x228d600,0x1030,0x1030,"131:u16=8:u32=0",,,
278,0x228e700,0x9d0,0x9d0,"26:u16=1:u32=1",,,
284,0x2293500,0xd90,0xd90,"26:u16=1:u32=0",,,
285,0x2294300,0x9d0,0x9d0,"26:u16=1:u32=1",,,
286,0x2294d00,0x1150,0x1150,"26:u16=2:u32=0",,,
288,0x2297100,0x1330,0x1330,"26:u16=2:u32=0",,,
293,0x229a300,0x9d0,0x9d0,"26:u16=1:u32=1",,,
295,0x229b600,0xa30,0xa30,"26:u16=1:u32=0",,,
305,0x22a0200,0x9d0,0x9d0,"26:u16=1:u32=1",,,
330,0x22aa000,0x9d0,0x9d0,"26:u16=1:u32=1",,,
333,0x22aac00,0x8b0,0x8b0,"26:u16=1:u32=0",,,
338,0x22ac600,0x7f0,0x7f0,"26:u16=1:u32=1",,,
370,0x22b4500,0x7f0,0x7f0,"26:u16=1:u32=1",,,
377,0x22b6100,0x8b0,0x8b0,"26:u16=1:u32=0",,,
465,0x22cf500,0xaf0,0xaf0,"57:u16=7:u32=7;58:u16=1:u32=1",,,
467,0x22d0100,0x9d0,0x9d0,"26:u16=1:u32=1",,,
473,0x22d4600,0x790,0x790,"26:u16=2:u32=0",,,
477,0x22d6e00,0x970,0x970,"26:u16=1:u32=0",,,
505,0x22e2000,0xd90,0xd90,"26:u16=1:u32=0",,,
541,0x22e5900,0x9d0,0x9d0,"26:u16=1:u32=1",,,
551,0x22ed100,0x9d0,0x9d0,"26:u16=1:u32=1",,,
574,0x22f6f00,0x9d0,0x9d0,"26:u16=1:u32=1",,,
598,0x22ff000,0x730,0x730,"26:u16=1:u32=0",,,
644,0x2310800,0xe2f0,0xe2f0,"26:u16=5:u32=5",,,
833,0x2341400,0x690,0x690,"26:u16=1:u32=1",,,
850,0x2342e00,0x690,0x690,"26:u16=1:u32=1",,,
926,0x2349d00,0x878,0x878,"57:u16=2:u32=2",,,
929,0x234ac00,0x2494,0x2494,"58:u16=1:u32=1;131:u16=4:u32=4",,,
932,0x234f100,0x878,0x878,"57:u16=2:u32=2",,,
939,0x2350000,0x23b8,0x23b8,"174:u16=1:u32=1",,,
940,0x2352400,0x1d84,0x1d84,"57:u16=4:u32=4;131:u16=4:u32=4",,,
950,0x2356f00,0x1df8,0x1df8,"57:u16=1:u32=1;58:u16=4:u32=4",,,
959,0x2359500,0x23d8,0x23d8,"174:u16=1:u32=1",,,
960,0x235b900,0x1da4,0x1da4,"57:u16=4:u32=4;131:u16=4:u32=4",,,
969,0x235df00,0x2be4,0x2be4,"131:u16=2:u32=2",,,
970,0x2360b00,0x14c0,0x14c0,"58:u16=1:u32=1",,,
979,0x2363b00,0x2780,0x2780,"57:u16=4:u32=4",,,
980,0x2366300,0x214c,0x214c,"26:u16=4:u32=4;58:u16=1:u32=1",,,
989,0x2368d00,0x23d8,0x23d8,"174:u16=1:u32=1",,,
990,0x236b100,0x1da4,0x1da4,"57:u16=4:u32=4;131:u16=4:u32=4",,,
999,0x236d700,0x2398,0x2398,"174:u16=1:u32=1",,,
1000,0x236fb00,0x1d64,0x1d64,"57:u16=4:u32=4;131:u16=4:u32=4",,,
1009,0x2372100,0x23dc,0x23dc,"174:u16=1:u32=1",,,
1010,0x2374500,0x1da8,0x1da8,"57:u16=4:u32=4;131:u16=4:u32=4",,,
1019,0x2376b00,0x23d0,0x23d0,"174:u16=1:u32=1",,,
1020,0x2378f00,0x1d9c,0x1d9c,"57:u16=4:u32=4;131:u16=4:u32=4",,,
1029,0x237b500,0x246c,0x246c,"58:u16=1:u32=1;131:u16=4:u32=4",,,
1039,0x2380100,0x23c0,0x23c0,"174:u16=1:u32=1",,,
1040,0x2382500,0x1d8c,0x1d8c,"57:u16=4:u32=4;131:u16=1:u32=1",,,
1049,0x2384b00,0x16cc,0x16cc,"26:u16=2:u32=2;57:u16=3:u32=3;131:u16=1:u32=1",,,
1059,0x2386b00,0x23c4,0x23c4,"174:u16=1:u32=1",,,
1060,0x2388f00,0x1d90,0x1d90,"57:u16=4:u32=4;131:u16=4:u32=4",,,
1069,0x238b500,0x23b0,0x23b0,"174:u16=1:u32=1",,,
1070,0x238d900,0x1d7c,0x1d7c,"57:u16=4:u32=4;131:u16=4:u32=4",,,
1082,0x2391400,0x87c,0x87c,"26:u16=3:u32=3",,,
1083,0x2391d00,0x714,0x714,"26:u16=3:u32=3",,,
1089,0x2392a00,0x191c,0x191c,"57:u16=4:u32=4",,,
1090,0x2394400,0x12e8,0x12e8,"26:u16=4:u32=4;58:u16=1:u32=1",,,
1099,0x2395f00,0x2bd4,0x2bd4,"131:u16=2:u32=2",,,
1100,0x2398b00,0x14c0,0x14c0,"58:u16=1:u32=1",,,
1109,0x239b800,0x18f8,0x18f8,"57:u16=4:u32=4",,,
1110,0x239d100,0x12c4,0x12c4,"26:u16=4:u32=4;58:u16=1:u32=1",,,
1119,0x239ec00,0x23d8,0x23d8,"174:u16=1:u32=1",,,
1120,0x23a1000,0x1da4,0x1da4,"57:u16=4:u32=4;131:u16=4:u32=4",,,
1129,0x23a3600,0x2bd4,0x2bd4,"57:u16=1:u32=1;131:u16=2:u32=2",,,
1130,0x23a6200,0x14b0,0x14b0,"58:u16=1:u32=1",,,
1131,0x23a7700,0x1100,0x1100,"26:u16=1:u32=1",,,
1134,0x23a9c00,0x1cac,0x1cac,"57:u16=3:u32=3;131:u16=2:u32=2",,,
1135,0x23ab900,0xc58,0xc58,"58:u16=3:u32=3",,,
1136,0x23ac600,0xa30,0xa30,"26:u16=3:u32=3",,,
1139,0x23ad300,0x2bc8,0x2bc8,"57:u16=1:u32=1;131:u16=2:u32=2",,,
1140,0x23aff00,0x14b0,0x14b0,"58:u16=1:u32=1",,,
1141,0x23b1400,0x10f4,0x10f4,"26:u16=1:u32=1",,,
1149,0x23b2f00,0x23cc,0x23cc,"174:u16=1:u32=1",,,
1150,0x23b5300,0x1d98,0x1d98,"57:u16=4:u32=4;131:u16=1:u32=1",,,
1159,0x23b7900,0x11e0,0x11e0,"26:u16=2:u32=2;58:u16=3:u32=3",,,
1160,0x23b8b00,0x9ec,0x9ec,"26:u16=1:u32=1;58:u16=3:u32=3",,,
1162,0x23b9800,0xc90,0xc90,"26:u16=2:u32=2",,,
1169,0x23bb100,0x23b8,0x23b8,"174:u16=1:u32=1",,,
1170,0x23bd500,0x1d84,0x1d84,"57:u16=4:u32=4;131:u16=4:u32=4",,,
1179,0x23bfb00,0x23e8,0x23e8,"174:u16=1:u32=1",,,
1180,0x23c1f00,0x1db4,0x1db4,"57:u16=4:u32=4;131:u16=4:u32=4",,,
1189,0x23c4500,0x23b8,0x23b8,"174:u16=1:u32=1",,,
1190,0x23c6900,0x1d84,0x1d84,"57:u16=4:u32=4;131:u16=4:u32=4",,,
1209,0x23cb300,0x23e0,0x23e0,"174:u16=1:u32=1",,,
1210,0x23cd700,0x1dac,0x1dac,"57:u16=4:u32=4;131:u16=4:u32=4",,,
1219,0x23cfd00,0x2470,0x2470,"58:u16=1:u32=1;131:u16=4:u32=4",,,
1229,0x23d4900,0x23d8,0x23d8,"174:u16=1:u32=1",,,
1230,0x23d6d00,0x1da4,0x1da4,"57:u16=4:u32=4;131:u16=4:u32=4",,,
1239,0x23d9300,0x23e0,0x23e0,"174:u16=1:u32=1",,,
1240,0x23db700,0x1dac,0x1dac,"57:u16=4:u32=4;131:u16=4:u32=4",,,
1249,0x23ddd00,0x23fc,0x23fc,"174:u16=1:u32=1",,,
1250,0x23e0100,0x1dc8,0x1dc8,"57:u16=4:u32=4;131:u16=4:u32=4",,,
1259,0x23e2700,0x2bb0,0x2bb0,"57:u16=1:u32=1;131:u16=2:u32=2",,,
1260,0x23e5300,0x1498,0x1498,"58:u16=1:u32=1",,,
1261,0x23e6800,0x10f4,0x10f4,"26:u16=1:u32=1",,,
1269,0x23e8000,0x2c94,0x2c94,"57:u16=1:u32=1;131:u16=1:u32=1;174:u16=4:u32=4",,,
1270,0x23ead00,0x14b0,0x14b0,"58:u16=1:u32=1",,,
1271,0x23ec200,0x11c0,0x11c0,"26:u16=1:u32=1",,,
1279,0x23edb00,0x2bcc,0x2bcc,"131:u16=2:u32=2",,,
1280,0x23f0700,0x14a8,0x14a8,"58:u16=1:u32=1",,,
1289,0x23f3400,0x2bc8,0x2bc8,"57:u16=1:u32=1;131:u16=2:u32=2",,,
1290,0x23f6000,0x14a4,0x14a4,"58:u16=1:u32=1",,,
1291,0x23f7500,0x1100,0x1100,"26:u16=1:u32=1",,,
1299,0x23f8d00,0x23d0,0x23d0,"174:u16=1:u32=1",,,
1300,0x23fb100,0x1d9c,0x1d9c,"57:u16=4:u32=4;131:u16=4:u32=4",,,
1319,0x23fe500,0x1a18,0x1a18,"58:u16=1:u32=1;131:u16=4:u32=4",,,
1320,0x2400000,0x13e4,0x13e4,"57:u16=1:u32=1;58:u16=3:u32=3",,,
1329,0x2401c00,0x15e0,0x15e0,"26:u16=1:u32=1;57:u16=10:u32=10;58:u16=1:u32=1;131:u16=2:u32=2",,,
1330,0x2403200,0x28,0x28,"131:u16=1:u32=1",,,
1339,0x2403b00,0x2468,0x2468,"58:u16=1:u32=1;131:u16=4:u32=4",,,
1349,0x2408700,0x23cc,0x23cc,"174:u16=1:u32=1",,,
1350,0x240ab00,0x1d98,0x1d98,"57:u16=4:u32=4;131:u16=4:u32=4",,,
1379,0x240e500,0x1e8c,0x1e8c,"57:u16=4:u32=4;131:u16=2:u32=2",,,
1380,0x2410400,0x1858,0x1858,"26:u16=4:u32=4;57:u16=1:u32=1;58:u16=2:u32=2",,,
1389,0x2412500,0x1d90,0x1d90,"57:u16=1:u32=1;131:u16=2:u32=2",,,
1390,0x2414300,0x175c,0x175c,"57:u16=3:u32=3;58:u16=1:u32=1",,,
1409,0x2416d00,0x1d74,0x1d74,"131:u16=2:u32=2;174:u16=1:u32=1",,,
1410,0x2418b00,0x1740,0x1740,"57:u16=2:u32=2;58:u16=1:u32=1;174:u16=1:u32=1",,,
1419,0x241ab00,0x1da4,0x1da4,"131:u16=2:u32=2",,,
1420,0x241c900,0x1770,0x1770,"57:u16=2:u32=2;58:u16=1:u32=1",,,
1429,0x241e900,0x1d74,0x1d74,"131:u16=2:u32=2",,,
1430,0x2420700,0x1740,0x1740,"57:u16=2:u32=2;58:u16=1:u32=1",,,
1439,0x2422700,0x23cc,0x23cc,"174:u16=1:u32=1",,,
1440,0x2424b00,0x1d98,0x1d98,"57:u16=4:u32=4;131:u16=4:u32=4",,,
1449,0x2427100,0x1d9c,0x1d9c,"131:u16=2:u32=2",,,
1450,0x2428f00,0x1768,0x1768,"57:u16=2:u32=2;58:u16=1:u32=1",,,
1460,0x242cc00,0x1614,0x1614,"57:u16=1:u32=1;58:u16=3:u32=3",,,
1469,0x242eb00,0x1d64,0x1d64,"26:u16=2:u32=2",,,
1470,0x2430900,0x1770,0x1770,"57:u16=2:u32=2;58:u16=1:u32=1",,,
1479,0x2432900,0x1250,0x1250,"26:u16=1:u32=1;58:u16=3:u32=3",,,
1489,0x2434500,0x1d94,0x1d94,"131:u16=2:u32=2",,,
1490,0x2436300,0x1760,0x1760,"57:u16=2:u32=2;58:u16=1:u32=1",,,
1499,0x2438300,0x1d9c,0x1d9c,"131:u16=2:u32=2",,,
1500,0x243a100,0x1768,0x1768,"57:u16=2:u32=2;58:u16=1:u32=1",,,
1509,0x243c100,0x1da4,0x1da4,"131:u16=2:u32=2",,,
1510,0x243df00,0x1770,0x1770,"57:u16=2:u32=2;58:u16=1:u32=1",,,
1519,0x243ff00,0x1d8c,0x1d8c,"131:u16=2:u32=2",,,
1520,0x2441d00,0x1758,0x1758,"57:u16=2:u32=2;58:u16=1:u32=1",,,
1529,0x2443d00,0x17f8,0x17f8,"57:u16=2:u32=2;131:u16=2:u32=2",,,
1549,0x2448000,0x1548,0x1548,"58:u16=1:u32=1",,,
1559,0x2449f00,0x6e4,0x6e4,"26:u16=1:u32=1",,,
1589,0x244c300,0x1d94,0x1d94,"131:u16=2:u32=2",,,
1590,0x244e100,0x1760,0x1760,"57:u16=2:u32=2;58:u16=1:u32=1",,,
1599,0x2450100,0x1460,0x1460,"26:u16=1:u32=1;58:u16=1:u32=1",,,
1619,0x2454100,0xd0c,0xd0c,"57:u16=8:u32=8;58:u16=1:u32=1",,,
1629,0x2455800,0x1d9c,0x1d9c,"131:u16=2:u32=2",,,
1630,0x2457600,0x1768,0x1768,"57:u16=2:u32=2;58:u16=1:u32=1",,,
1639,0x2459600,0x1d84,0x1d84,"131:u16=2:u32=2",,,
1640,0x245b400,0x1750,0x1750,"57:u16=2:u32=2;58:u16=1:u32=1",,,
1719,0x2461a00,0x504,0x504,"26:u16=1:u32=1",,,
1899,0x246d500,0x1c84,0x1c84,"131:u16=4:u32=4",,,
1900,0x246f200,0xe34,0xe34,"57:u16=1:u32=1",,,
1909,0x2471100,0x2488,0x2488,"58:u16=1:u32=1;131:u16=4:u32=4",,,
1919,0x2475d00,0x1c80,0x1c80,"58:u16=1:u32=1;131:u16=4:u32=4",,,
1920,0x2477a00,0x164c,0x164c,"57:u16=1:u32=1;58:u16=2:u32=2",,,
1959,0x247d000,0xf94,0xf94,"26:u16=1:u32=1;57:u16=1:u32=1",,,
1979,0x247f300,0x23dc,0x23dc,"174:u16=1:u32=1",,,
1980,0x2481700,0x1da8,0x1da8,"57:u16=4:u32=4;131:u16=4:u32=4",,,
1989,0x2483d00,0x23dc,0x23dc,"174:u16=1:u32=1",,,
1990,0x2486100,0x1da8,0x1da8,"57:u16=4:u32=4;131:u16=4:u32=4",,,
1999,0x2488700,0x23b0,0x23b0,"174:u16=1:u32=1",,,
2000,0x248ab00,0x1d7c,0x1d7c,"57:u16=4:u32=4;131:u16=4:u32=4",,,
2009,0x248d100,0x296c,0x296c,"57:u16=4:u32=4",,,
2010,0x248fb00,0x2338,0x2338,"26:u16=4:u32=4;58:u16=1:u32=1",,,
2019,0x2492700,0x23e8,0x23e8,"174:u16=1:u32=1",,,
2020,0x2494b00,0x1db4,0x1db4,"57:u16=4:u32=4;131:u16=4:u32=4",,,
2029,0x2497100,0x23f4,0x23f4,"174:u16=1:u32=1",,,
2030,0x2499500,0x1dc0,0x1dc0,"57:u16=4:u32=4;131:u16=4:u32=4",,,
2039,0x249bb00,0x23b8,0x23b8,"174:u16=1:u32=1",,,
2040,0x249df00,0x1d84,0x1d84,"57:u16=4:u32=4;131:u16=4:u32=4",,,
2049,0x24a0500,0x23d0,0x23d0,"174:u16=1:u32=1",,,
2050,0x24a2900,0x1d9c,0x1d9c,"57:u16=4:u32=4;131:u16=4:u32=4",,,
2059,0x24a4f00,0x2c94,0x2c94,"57:u16=1:u32=1;131:u16=1:u32=1;174:u16=4:u32=4",,,
2060,0x24a7c00,0x14b0,0x14b0,"58:u16=1:u32=1",,,
2061,0x24a9100,0x11c0,0x11c0,"26:u16=1:u32=1",,,
2069,0x24aaa00,0x23d0,0x23d0,"174:u16=1:u32=1",,,
2070,0x24ace00,0x1d9c,0x1d9c,"57:u16=4:u32=4;131:u16=4:u32=4",,,
2079,0x24af400,0x23d0,0x23d0,"174:u16=1:u32=1",,,
2080,0x24b1800,0x1d9c,0x1d9c,"57:u16=4:u32=4;131:u16=4:u32=4",,,
2089,0x24b3e00,0x23b8,0x23b8,"174:u16=1:u32=1",,,
2090,0x24b6200,0x1d84,0x1d84,"57:u16=4:u32=4;131:u16=4:u32=4",,,
2099,0x24b8800,0x23d0,0x23d0,"174:u16=1:u32=1",,,
2100,0x24bac00,0x1d9c,0x1d9c,"57:u16=4:u32=4;131:u16=4:u32=4",,,
2109,0x24bd200,0x23b8,0x23b8,"174:u16=1:u32=1",,,
2110,0x24bf600,0x1d84,0x1d84,"57:u16=4:u32=4;131:u16=4:u32=4",,,
2119,0x24c1c00,0x2488,0x2488,"58:u16=1:u32=1;131:u16=4:u32=4",,,
2129,0x24c6800,0x23d0,0x23d0,"174:u16=1:u32=1",,,
2130,0x24c8c00,0x1d9c,0x1d9c,"57:u16=4:u32=4;131:u16=4:u32=4",,,
2139,0x24cb200,0x23b8,0x23b8,"174:u16=1:u32=1",,,
2140,0x24cd600,0x1d84,0x1d84,"57:u16=4:u32=4;131:u16=4:u32=4",,,
2149,0x24cfc00,0x23d0,0x23d0,"174:u16=1:u32=1",,,
2150,0x24d2000,0x1d9c,0x1d9c,"57:u16=4:u32=4;131:u16=4:u32=4",,,
2159,0x24d4600,0x23cc,0x23cc,"174:u16=1:u32=1",,,
2160,0x24d6a00,0x1d98,0x1d98,"57:u16=4:u32=4;131:u16=1:u32=1",,,
2169,0x24d9000,0x2488,0x2488,"58:u16=1:u32=1;131:u16=4:u32=4",,,
2179,0x24ddc00,0x23b8,0x23b8,"174:u16=1:u32=1",,,
2180,0x24e0000,0x1d84,0x1d84,"57:u16=4:u32=4;131:u16=4:u32=4",,,
2189,0x24e2600,0x23d0,0x23d0,"174:u16=1:u32=1",,,
2190,0x24e4a00,0x1d9c,0x1d9c,"57:u16=4:u32=4;131:u16=4:u32=4",,,
2199,0x24e7000,0x23d0,0x23d0,"174:u16=1:u32=1",,,
2200,0x24e9400,0x1d9c,0x1d9c,"57:u16=4:u32=4;131:u16=4:u32=4",,,
2209,0x24eba00,0x23b8,0x23b8,"174:u16=1:u32=1",,,
2210,0x24ede00,0x1d84,0x1d84,"57:u16=4:u32=4;131:u16=4:u32=4",,,
2219,0x24f0400,0x23cc,0x23cc,"174:u16=1:u32=1",,,
2220,0x24f2800,0x1d98,0x1d98,"57:u16=4:u32=4;131:u16=1:u32=1",,,
2249,0x24f6c00,0x3e3b0,0x3e3b0,"26:u16=36:u32=1;57:u16=33:u32=0;58:u16=21:u32=0;131:u16=15:u32=0;174:u16=7:u32=1;294:u16=10:u32=1;586:u16=1:u32=0",,,
2253,0x2545500,0xd830,0xd830,"26:u16=3:u32=0;58:u16=14:u32=0;131:u16=1:u32=0;174:u16=238:u32=0;699:u16=1:u32=0",,,"text_heavy"
2254,0x2552e00,0x12bf0,0x12bf0,"26:u16=2:u32=0;57:u16=1:u32=0;58:u16=72:u32=0;131:u16=4:u32=0;174:u16=260:u32=0;699:u16=1:u32=0",,,"text_heavy"
2255,0x2565a00,0xf220,0xf220,"26:u16=8:u32=0;174:u16=22:u32=0;586:u16=1:u32=0",,,"text_heavy"
2256,0x2574d00,0xc2c0,0xc2c0,"26:u16=6:u32=0;174:u16=76:u32=0",,,"text_heavy"
2257,0x2581000,0xe960,0xe960,"26:u16=5:u32=0",,,"text_heavy"
2258,0x258fa00,0xf880,0xf880,"131:u16=1:u32=0;174:u16=95:u32=0;699:u16=1:u32=0",,,"text_heavy"
2260,0x25a7400,0xe520,0xe520,"58:u16=1:u32=0;174:u16=1:u32=0;586:u16=1:u32=0",,,"text_heavy"
2263,0x25ca800,0x10da0,0x10da0,"26:u16=1:u32=0;131:u16=8:u32=0;174:u16=300:u32=0;699:u16=1:u32=0",,,"text_heavy"
2264,0x25db600,0x10d40,0x10d40,"26:u16=1:u32=0;57:u16=1:u32=0;131:u16=8:u32=0;174:u16=72:u32=0;294:u16=1:u32=0;699:u16=2:u32=0",,,"text_heavy"
2265,0x25ec400,0xafe0,0xafe0,"26:u16=4:u32=0;57:u16=2:u32=0;131:u16=59:u32=0;174:u16=6:u32=0;911:u16=1:u32=0",,,
2266,0x25f7400,0xfd40,0xfd40,"26:u16=16:u32=0;57:u16=2:u32=0;174:u16=1:u32=0;911:u16=1:u32=0",,,
2267,0x2607200,0xba10,0xba10,"26:u16=10:u32=0;57:u16=5:u32=0;58:u16=6:u32=0;174:u16=1:u32=0;586:u16=1:u32=0",,,"text_heavy"
2269,0x261b600,0xde30,0xde30,"26:u16=1:u32=0;131:u16=2:u32=0;586:u16=1:u32=0",,,"text_heavy"
2270,0x2629500,0xf630,0xf630,"26:u16=9:u32=0;131:u16=128:u32=0;586:u16=2:u32=0;699:u16=1:u32=0",,,"text_heavy"
2271,0x2638c00,0xf960,0xf960,"26:u16=1:u32=0;58:u16=1:u32=0;131:u16=2:u32=0;911:u16=1:u32=0",,,"text_heavy"
2272,0x2648600,0xa970,0xa970,"58:u16=1:u32=0;131:u16=8:u32=0",,,
2291,0x266e400,0x560,0x560,"58:u16=1:u32=1",,,"text_heavy"
2295,0x266f200,0x690,0x690,"26:u16=1:u32=1",,,"text_heavy"
2303,0x2670400,0xcee2,0xcee2,"26:u16=1:u32=0;131:u16=1:u32=0",,,
2304,0x267d300,0x19b7e,0x19b7e,"26:u16=3:u32=0;57:u16=3:u32=0;58:u16=3:u32=0;131:u16=14:u32=0;699:u16=2:u32=0",,,
2305,0x2696f00,0xf4da,0xf4da,"26:u16=1:u32=0;57:u16=1:u32=0;174:u16=1:u32=0;294:u16=1:u32=0;586:u16=1:u32=0",,,
2306,0x26a6400,0x92f6,0x92f6,"26:u16=1:u32=0;57:u16=2:u32=0;174:u16=1:u32=0",,,
2307,0x26af700,0xcf82,0xcf82,"294:u16=1:u32=0",,,
2308,0x26bc700,0xf336,0xf336,"26:u16=1:u32=0;58:u16=1:u32=0;131:u16=1:u32=0;174:u16=1:u32=0;586:u16=1:u32=0;699:u16=1:u32=0",,,
2310,0x26cbc00,0xf3ae,0xf3ae,"174:u16=2:u32=0;294:u16=1:u32=0;586:u16=1:u32=0",,,
2311,0x26db000,0xb6e6,0xb6e6,"58:u16=1:u32=0;131:u16=1:u32=0",,,
2313,0x26e6800,0x13eea,0x13eea,"26:u16=1:u32=0;57:u16=1:u32=0;58:u16=1:u32=0;174:u16=1:u32=0;294:u16=1:u32=0",,,
2314,0x26fa700,0x1471e,0x1471e,"57:u16=1:u32=0;58:u16=1:u32=0;294:u16=1:u32=0",,,
2315,0x270ef00,0x746a,0x746a,"131:u16=2:u32=0;911:u16=1:u32=0",,,
2316,0x2716400,0x101aa,0x101aa,"26:u16=2:u32=0;57:u16=6:u32=0;58:u16=1:u32=0;131:u16=1:u32=0;174:u16=1:u32=0;911:u16=1:u32=0",,,
2317,0x2726600,0x8a5e,0x8a5e,"26:u16=1:u32=0;57:u16=1:u32=0;174:u16=1:u32=0",,,
2319,0x2730500,0xbdb2,0xbdb2,"26:u16=3:u32=0",,,
2320,0x273c300,0x1213a,0x1213a,"586:u16=1:u32=0;699:u16=1:u32=0",,,
2321,0x274e500,0x11a6e,0x11a6e,"26:u16=1:u32=0;57:u16=3:u32=0;58:u16=2:u32=0;174:u16=1:u32=0;911:u16=1:u32=0",,,
2322,0x2760000,0x5e62,0x5e62,"58:u16=1:u32=0",,,
2326,0x2766200,0xc038,0xc038,"26:u16=10:u32=10;57:u16=16:u32=16;58:u16=11:u32=11;131:u16=13:u32=13;174:u16=11:u32=11;294:u16=5:u32=5;586:u16=2:u32=2",,,
2327,0x2772300,0xc038,0xc038,"26:u16=10:u32=10;57:u16=16:u32=16;58:u16=11:u32=11;131:u16=13:u32=13;174:u16=11:u32=11;294:u16=5:u32=5;586:u16=2:u32=2",,,
2328,0x277e400,0x8074,0x8074,"26:u16=12:u32=12;57:u16=11:u32=11;58:u16=12:u32=12;131:u16=10:u32=10;174:u16=10:u32=10;294:u16=1:u32=1",,,
2329,0x2786500,0x59bc,0x59bc,"26:u16=10:u32=10;57:u16=10:u32=10;58:u16=11:u32=11;131:u16=5:u32=5;174:u16=2:u32=2",,,
2330,0x278bf00,0xdab0,0xdab0,"26:u16=10:u32=10;57:u16=11:u32=11;58:u16=12:u32=12;131:u16=20:u32=20;174:u16=10:u32=10;294:u16=5:u32=5;586:u16=2:u32=2;699:u16=1:u32=1",,,
2331,0x2799a00,0xcd3c,0xcd3c,"26:u16=18:u32=18;57:u16=10:u32=10;58:u16=10:u32=10;131:u16=16:u32=16;174:u16=11:u32=11;294:u16=5:u32=5;586:u16=2:u32=2",,,
2332,0x27a6800,0x12a6c,0x12a6c,"26:u16=11:u32=11;57:u16=12:u32=12;58:u16=13:u32=13;131:u16=10:u32=10;174:u16=17:u32=17;294:u16=12:u32=12;586:u16=3:u32=2;699:u16=1:u32=1",,,
2333,0x27b9300,0x6a24,0x6a24,"26:u16=11:u32=11;57:u16=10:u32=10;58:u16=13:u32=13;131:u16=8:u32=8;174:u16=1:u32=1;294:u16=1:u32=1",,,
2334,0x27bfe00,0xc038,0xc038,"26:u16=10:u32=10;57:u16=16:u32=16;58:u16=11:u32=11;131:u16=13:u32=13;174:u16=11:u32=11;294:u16=5:u32=5;586:u16=2:u32=2",,,
2335,0x27cbf00,0xed64,0xed64,"26:u16=11:u32=11;57:u16=11:u32=11;58:u16=12:u32=12;131:u16=10:u32=10;174:u16=17:u32=17;294:u16=10:u32=10;586:u16=1:u32=1;699:u16=1:u32=1",,,
2336,0x27dad00,0x6ebc,0x6ebc,"26:u16=14:u32=12;57:u16=13:u32=13;58:u16=10:u32=10;131:u16=13:u32=13;174:u16=4:u32=4;294:u16=1:u32=1",,,
2337,0x27e1c00,0xc038,0xc038,"26:u16=10:u32=10;57:u16=16:u32=16;58:u16=11:u32=11;131:u16=13:u32=13;174:u16=11:u32=11;294:u16=5:u32=5;586:u16=2:u32=2",,,
2338,0x27edd00,0xe098,0xe098,"26:u16=12:u32=12;57:u16=14:u32=14;58:u16=14:u32=14;131:u16=10:u32=10;174:u16=10:u32=10;294:u16=16:u32=16;586:u16=1:u32=1",,,
2339,0x27fbe00,0x9d00,0x9d00,"26:u16=10:u32=10;57:u16=10:u32=10;58:u16=11:u32=11;131:u16=10:u32=10;174:u16=11:u32=11;294:u16=2:u32=2",,,
2340,0x2805b00,0x850c,0x850c,"26:u16=17:u32=17;57:u16=12:u32=12;58:u16=12:u32=12;131:u16=13:u32=13;174:u16=5:u32=5;294:u16=1:u32=1",,,
2341,0x280e100,0xa390,0xa390,"26:u16=10:u32=10;57:u16=10:u32=10;58:u16=11:u32=11;131:u16=11:u32=11;174:u16=11:u32=11;294:u16=1:u32=1",,,
2342,0x2818500,0xfd78,0xfd78,"26:u16=10:u32=10;57:u16=11:u32=11;58:u16=11:u32=10;131:u16=14:u32=14;174:u16=16:u32=16;294:u16=9:u32=9;586:u16=1:u32=1;699:u16=1:u32=1",,,
2343,0x2828300,0x3064,0x3064,"26:u16=18:u32=18;57:u16=8:u32=8;58:u16=9:u32=9;131:u16=1:u32=1",,,
2344,0x282b400,0x6d6c,0x6d6c,"26:u16=16:u32=15;57:u16=10:u32=10;58:u16=10:u32=10;131:u16=14:u32=14;174:u16=4:u32=4;294:u16=1:u32=1",,,
2345,0x2832200,0xee60,0xee60,"26:u16=11:u32=11;57:u16=10:u32=10;58:u16=13:u32=13;131:u16=10:u32=10;174:u16=11:u32=11;294:u16=8:u32=8;586:u16=2:u32=2;699:u16=1:u32=1",,,
2346,0x2841100,0xa198,0xa198,"26:u16=10:u32=10;57:u16=11:u32=11;58:u16=17:u32=17;131:u16=11:u32=11;174:u16=12:u32=12;294:u16=1:u32=1",,,
2347,0x284b300,0x1288,0x1288,"26:u16=4:u32=4",,,
2348,0x284c600,0xc038,0xc038,"26:u16=10:u32=10;57:u16=16:u32=16;58:u16=11:u32=11;131:u16=13:u32=13;174:u16=11:u32=11;294:u16=5:u32=5;586:u16=2:u32=2",,,
2349,0x2858700,0xc038,0xc038,"26:u16=10:u32=10;57:u16=16:u32=16;58:u16=11:u32=11;131:u16=13:u32=13;174:u16=11:u32=11;294:u16=5:u32=5;586:u16=2:u32=2",,,
2350,0x2864800,0xc038,0xc038,"26:u16=10:u32=10;57:u16=16:u32=16;58:u16=11:u32=11;131:u16=13:u32=13;174:u16=11:u32=11;294:u16=5:u32=5;586:u16=2:u32=2",,,
2353,0x2871100,0xa5c50,0xa5c50,"26:u16=90:u32=54;57:u16=66:u32=52;58:u16=55:u32=43;131:u16=50:u32=48;174:u16=40:u32=40;294:u16=92:u32=91;586:u16=101:u32=99;699:u16=46:u32=44;911:u16=46:u32=45",,,
2354,0x2916e00,0xacefc,0xacefc,"26:u16=190:u32=52;57:u16=129:u32=38;58:u16=107:u32=38;131:u16=201:u32=197;174:u16=66:u32=61;294:u16=40:u32=39;586:u16=59:u32=59;699:u16=43:u32=43;911:u16=29:u32=26",,,
2355,0x29c3d00,0xbb83c,0xbb83c,"26:u16=194:u32=49;57:u16=90:u32=31;58:u16=156:u32=90;131:u16=40:u32=37;174:u16=70:u32=69;294:u16=65:u32=65;586:u16=63:u32=61;699:u16=37:u32=35;911:u16=38:u32=35",,,
2356,0x2a7f600,0xa7650,0xa7650,"26:u16=87:u32=40;57:u16=150:u32=85;58:u16=126:u32=52;131:u16=40:u32=40;174:u16=57:u32=53;294:u16=42:u32=40;586:u16=44:u32=44;699:u16=40:u32=38;911:u16=42:u32=42",,,
2357,0x2b26d00,0xbaf70,0xbaf70,"26:u16=204:u32=52;57:u16=112:u32=57;58:u16=77:u32=63;131:u16=45:u32=43;174:u16=38:u32=37;294:u16=43:u32=42;586:u16=36:u32=35;699:u16=43:u32=42;911:u16=33:u32=31",,,
2358,0x2be1d00,0xc3e40,0xc3e40,"26:u16=210:u32=52;57:u16=104:u32=79;58:u16=93:u32=67;131:u16=64:u32=62;174:u16=31:u32=31;294:u16=49:u32=47;586:u16=82:u32=81;699:u16=41:u32=38;911:u16=29:u32=25",,,
2360,0x2ca6000,0x149dcc,0x149dcc,"26:u16=236:u32=63;57:u16=153:u32=113;58:u16=112:u32=85;131:u16=89:u32=57;174:u16=46:u32=44;294:u16=71:u32=69;586:u16=58:u32=55;699:u16=73:u32=66;911:u16=48:u32=47",,,
2361,0x2defe00,0x1197d4,0x1197d4,"26:u16=251:u32=102;57:u16=90:u32=55;58:u16=51:u32=39;131:u16=74:u32=55;174:u16=51:u32=50;294:u16=46:u32=43;586:u16=189:u32=189;699:u16=334:u32=58;911:u16=83:u32=79",,,
2363,0x2f09a00,0xc04c4,0xc04c4,"26:u16=212:u32=56;57:u16=130:u32=57;58:u16=136:u32=88;131:u16=57:u32=53;174:u16=46:u32=44;294:u16=45:u32=43;586:u16=49:u32=48;699:u16=43:u32=37;911:u16=53:u32=51",,,
2364,0x2fc9f00,0x122448,0x122448,"26:u16=306:u32=126;57:u16=82:u32=52;58:u16=66:u32=45;131:u16=88:u32=43;174:u16=149:u32=146;294:u16=51:u32=49;586:u16=71:u32=70;699:u16=80:u32=76;911:u16=52:u32=51",,,
2365,0x30ec400,0x65d90,0x65d90,"26:u16=138:u32=87;57:u16=86:u32=48;58:u16=40:u32=33;131:u16=40:u32=38;174:u16=41:u32=40;294:u16=31:u32=31;586:u16=31:u32=31;699:u16=33:u32=33;911:u16=38:u32=36",,,
2366,0x3152200,0x1469b4,0x1469b4,"26:u16=229:u32=39;57:u16=117:u32=53;58:u16=105:u32=68;131:u16=104:u32=47;174:u16=37:u32=37;294:u16=49:u32=45;586:u16=73:u32=72;699:u16=64:u32=62;911:u16=75:u32=74",,,
2367,0x3298c00,0x10b6f0,0x10b6f0,"26:u16=217:u32=46;57:u16=96:u32=43;58:u16=102:u32=64;131:u16=55:u32=49;174:u16=39:u32=35;294:u16=42:u32=40;586:u16=73:u32=71;699:u16=40:u32=31;911:u16=89:u32=84",,,
2368,0x33a4300,0x89560,0x89560,"26:u16=145:u32=120;57:u16=68:u32=56;58:u16=178:u32=159;131:u16=491:u32=491;174:u16=121:u32=120;294:u16=60:u32=59;586:u16=35:u32=33;699:u16=49:u32=48;911:u16=51:u32=47",,,
2369,0x342d900,0x737f8,0x737f8,"26:u16=99:u32=53;57:u16=41:u32=40;58:u16=40:u32=34;131:u16=62:u32=60;174:u16=52:u32=50;294:u16=51:u32=51;586:u16=33:u32=33;699:u16=25:u32=25;911:u16=35:u32=34",,,
2370,0x34a1100,0x22bf40,0x22bf40,"26:u16=2193:u32=200;57:u16=246:u32=87;58:u16=183:u32=35;131:u16=63:u32=38;174:u16=96:u32=55;294:u16=61:u32=58;586:u16=63:u32=60;699:u16=87:u32=65;911:u16=57:u32=54",,,
2371,0x36cd100,0xc67b0,0xc67b0,"26:u16=217:u32=59;57:u16=131:u32=70;58:u16=128:u32=73;131:u16=46:u32=44;174:u16=38:u32=38;294:u16=42:u32=42;586:u16=61:u32=60;699:u16=51:u32=47;911:u16=58:u32=56",,,
2372,0x3793900,0x67eb4,0x67eb4,"26:u16=118:u32=95;57:u16=45:u32=39;58:u16=58:u32=58;131:u16=34:u32=34;174:u16=86:u32=86;294:u16=54:u32=52;586:u16=35:u32=33;699:u16=33:u32=30;911:u16=44:u32=43",,,
2376,0x37fc400,0x1e3c,0x1e3c,"26:u16=22:u32=22;57:u16=1:u32=1;58:u16=2:u32=2",,,
2377,0x37fe300,0x1e3c,0x1e3c,"26:u16=22:u32=22;57:u16=1:u32=1;58:u16=2:u32=2",,,
2378,0x3800200,0x20c0,0x20c0,"26:u16=17:u32=17;57:u16=2:u32=2;58:u16=2:u32=2;586:u16=1:u32=0",,,
2379,0x3802300,0x227c,0x227c,"26:u16=21:u32=21;57:u16=2:u32=2;174:u16=1:u32=1",,,
2380,0x3804600,0x26e8,0x26e8,"26:u16=27:u32=27",,,
2381,0x3806d00,0x20f8,0x20f8,"26:u16=22:u32=22;58:u16=1:u32=1;131:u16=1:u32=1",,,
2382,0x3808e00,0x2c5c,0x2c5c,"26:u16=24:u32=24;58:u16=1:u32=1;131:u16=7:u32=1",,,
2383,0x380bb00,0x1964,0x1964,"26:u16=4:u32=4",,,
2384,0x380d500,0x1e3c,0x1e3c,"26:u16=22:u32=22;57:u16=1:u32=1;58:u16=2:u32=2",,,
2385,0x380f400,0x1f80,0x1f80,"26:u16=21:u32=21;57:u16=3:u32=1;58:u16=2:u32=2",,,
2386,0x3811400,0x212c,0x212c,"26:u16=15:u32=15",,,
2387,0x3813600,0x1e3c,0x1e3c,"26:u16=22:u32=22;57:u16=1:u32=1;58:u16=2:u32=2",,,
2388,0x3815500,0x1adc,0x1adc,"26:u16=14:u32=14;58:u16=4:u32=4",,,
2389,0x3817000,0x6ce8,0x6ce8,"26:u16=67:u32=67;57:u16=44:u32=44;58:u16=31:u32=31;174:u16=2:u32=2;294:u16=1:u32=1;699:u16=1:u32=1",,,
2391,0x381ea00,0xc920,0xc920,"26:u16=37:u32=37;57:u16=33:u32=33;58:u16=31:u32=31;131:u16=1:u32=1;699:u16=1:u32=0",,,"text_heavy"
2392,0x382b400,0x2554,0x2554,"26:u16=17:u32=17;131:u16=1:u32=0",,,
2394,0x382e000,0x14dc,0x14dc,"58:u16=2:u32=2",,,
2395,0x382f500,0x2cf4,0x2cf4,"26:u16=22:u32=22;58:u16=1:u32=1",,,
2396,0x3832200,0x2a68,0x2a68,"26:u16=25:u32=25;58:u16=1:u32=1;294:u16=1:u32=1",,,
2397,0x3834d00,0x1e3c,0x1e3c,"26:u16=22:u32=22;57:u16=1:u32=1;58:u16=2:u32=2",,,
2398,0x3836c00,0x1e3c,0x1e3c,"26:u16=22:u32=22;57:u16=1:u32=1;58:u16=2:u32=2",,,
2399,0x3838b00,0x1e3c,0x1e3c,"26:u16=22:u32=22;57:u16=1:u32=1;58:u16=2:u32=2",,,
2400,0x383aa00,0x1e3c,0x1e3c,"26:u16=22:u32=22;57:u16=1:u32=1;58:u16=2:u32=2",,,
2404,0x3840100,0x26a6,0x26a6,"26:u16=2:u32=1;131:u16=1:u32=0;174:u16=1:u32=0;911:u16=1:u32=0",,,"text_heavy"
2405,0x3842800,0x3fc8,0x3fc8,"57:u16=1:u32=1;131:u16=1:u32=0",,,
2406,0x3846800,0x3ccf,0x3ccf,"699:u16=1:u32=0",,,"text_heavy"
2410,0x3852400,0x547c,0x547c,"699:u16=1:u32=0",,,
2411,0x3857900,0x407d,0x407d,"57:u16=1:u32=1;58:u16=1:u32=1;586:u16=1:u32=1;699:u16=1:u32=0",,,
2413,0x385bd00,0x38a0,0x38a0,"57:u16=1:u32=0",,,"text_heavy"
2414,0x385f600,0x42d1,0x42d1,"26:u16=1:u32=0;57:u16=1:u32=0;58:u16=1:u32=0",,,"text_heavy"
2418,0x386e400,0x1aca,0x1aca,"26:u16=2:u32=0",,,"text_heavy"
2419,0x386ff00,0x2232,0x2232,"26:u16=1:u32=0;586:u16=1:u32=0;911:u16=1:u32=0",,,"text_heavy"
2420,0x3872200,0x7f25,0x7f25,"26:u16=1:u32=0",,,"text_heavy"
2426,0x387fa00,0x109fc,0x109fc,"26:u16=21:u32=10;57:u16=23:u32=9;58:u16=11:u32=5;131:u16=6:u32=3;174:u16=4:u32=4",,,
2427,0x3890400,0x1ba9c,0x1ba9c,"26:u16=20:u32=7;57:u16=14:u32=8;58:u16=13:u32=11;131:u16=6:u32=1;174:u16=4:u32=1;294:u16=4:u32=2",,,
2428,0x38abf00,0x1120c,0x1120c,"26:u16=23:u32=5;57:u16=12:u32=6;58:u16=6:u32=3;131:u16=4:u32=1;174:u16=1:u32=0",,,
2429,0x38bd200,0x1b82c,0x1b82c,"26:u16=39:u32=8;57:u16=19:u32=5;58:u16=9:u32=2;131:u16=5:u32=0;294:u16=3:u32=3",,,
2430,0x38d8b00,0x619c,0x619c,"26:u16=5:u32=1;57:u16=6:u32=1;58:u16=2:u32=1;131:u16=6:u32=6",,,
2431,0x38ded00,0xb65c,0xb65c,"26:u16=1:u32=0;57:u16=3:u32=1;58:u16=2:u32=1;131:u16=9:u32=8;174:u16=1:u32=0",,,
2432,0x38ea400,0x9e5c,0x9e5c,"26:u16=5:u32=3;57:u16=5:u32=1;58:u16=3:u32=1;131:u16=3:u32=0;174:u16=2:u32=1",,,
2433,0x38f4300,0x84ac,0x84ac,"26:u16=1:u32=0;57:u16=3:u32=1;58:u16=3:u32=1",,,
2434,0x38fc800,0x627c,0x627c,"26:u16=1:u32=0;57:u16=4:u32=1;58:u16=5:u32=1",,,
2435,0x3902b00,0xec7c,0xec7c,"26:u16=5:u32=4;57:u16=2:u32=1;58:u16=2:u32=1;131:u16=6:u32=2;174:u16=2:u32=0",,,
2436,0x3911800,0x2f1c,0x2f1c,"26:u16=2:u32=0;57:u16=1:u32=1",,,
2437,0x3914800,0x2fac,0x2fac,"26:u16=3:u32=0",,,
2438,0x3917800,0x312c,0x312c,"26:u16=2:u32=0",,,
2439,0x391aa00,0x3c2c,0x3c2c,"26:u16=2:u32=0;57:u16=3:u32=2;58:u16=3:u32=2",,,
2441,0x391ea00,0x32bc,0x32bc,"26:u16=4:u32=0;57:u16=1:u32=1",,,
2442,0x3921d00,0x2f8c,0x2f8c,"26:u16=3:u32=0",,,
2443,0x3924d00,0x2fcc,0x2fcc,"26:u16=3:u32=0",,,
2444,0x3927d00,0x2cec,0x2cec,"26:u16=3:u32=0",,,
2445,0x392aa00,0x32ec,0x32ec,"26:u16=2:u32=0;58:u16=1:u32=1",,,
2446,0x392dd00,0x2b0c,0x2b0c,"26:u16=3:u32=0",,,
2447,0x3930900,0x378c,0x378c,"26:u16=3:u32=0;57:u16=1:u32=0;58:u16=2:u32=1;174:u16=1:u32=0",,,
2448,0x3934100,0x2c2c,0x2c2c,"26:u16=3:u32=0",,,
2451,0x3937400,0x2dfc,0x2dfc,"26:u16=4:u32=3",,,
2452,0x393a200,0x277c,0x277c,"26:u16=4:u32=3",,,
2453,0x393ca00,0x25e1c,0x25e1c,"26:u16=66:u32=66;57:u16=4:u32=1;58:u16=4:u32=1;131:u16=4:u32=1;174:u16=4:u32=2;294:u16=3:u32=2",,,
2454,0x3962900,0xcb9c,0xcb9c,"26:u16=4:u32=1;57:u16=3:u32=1;58:u16=4:u32=1;131:u16=12:u32=2;174:u16=1:u32=0",,,
2455,0x396f500,0x1905c,0x1905c,"26:u16=12:u32=10;57:u16=1:u32=0;131:u16=5:u32=5;174:u16=3:u32=1;294:u16=2:u32=1",,,
2456,0x3988600,0xe6bc,0xe6bc,"26:u16=4:u32=2;57:u16=17:u32=13;58:u16=11:u32=6;131:u16=2:u32=1;174:u16=2:u32=0",,,
2457,0x3996d00,0xb82c,0xb82c,"26:u16=29:u32=7;57:u16=1:u32=0;58:u16=2:u32=0;131:u16=2:u32=0;174:u16=3:u32=3",,,
2458,0x39a2600,0xc95c,0xc95c,"26:u16=4:u32=1;57:u16=3:u32=1;58:u16=4:u32=1;131:u16=10:u32=1",,,
2459,0x39af000,0x1a3fc,0x1a3fc,"26:u16=4:u32=2;57:u16=1:u32=0;58:u16=2:u32=0;131:u16=3:u32=1;174:u16=7:u32=4;294:u16=3:u32=2",,,
2460,0x39c9400,0x16b9c,0x16b9c,"26:u16=13:u32=6;57:u16=10:u32=6;58:u16=10:u32=6;131:u16=19:u32=4;174:u16=2:u32=2;294:u16=3:u32=1",,,
2476,0x39e2d00,0x650c,0x650c,"26:u16=13:u32=5;57:u16=3:u32=1;58:u16=2:u32=0",,,
2477,0x39e9300,0xd6ac,0xd6ac,"26:u16=6:u32=4;57:u16=4:u32=1;58:u16=8:u32=5;131:u16=1:u32=0",,,
2478,0x39f6a00,0xe28c,0xe28c,"26:u16=9:u32=2;57:u16=5:u32=3;58:u16=4:u32=3;174:u16=2:u32=2",,,
2480,0x3a05e00,0xbd5c,0xbd5c,"26:u16=22:u32=4;57:u16=4:u32=0;58:u16=1:u32=0;131:u16=2:u32=1;699:u16=1:u32=0",,,
2481,0x3a11c00,0x1eec,0x1eec,"26:u16=1:u32=0;131:u16=6:u32=0;294:u16=1:u32=0",,,
2482,0x3a13b00,0x8cfc,0x8cfc,"26:u16=1:u32=0;57:u16=1:u32=0;58:u16=3:u32=0;131:u16=4:u32=0",,,
2483,0x3a1c800,0xb75c,0xb75c,"26:u16=18:u32=5;57:u16=10:u32=1;58:u16=18:u32=10;131:u16=2:u32=0",,,
2484,0x3a28000,0x198c,0x198c,"26:u16=2:u32=2",,,
2485,0x3a29a00,0x9abc,0x9abc,"26:u16=4:u32=2;57:u16=2:u32=0;58:u16=2:u32=1;131:u16=1:u32=0;294:u16=3:u32=3",,,
2486,0x3a33500,0x15a0c,0x15a0c,"26:u16=15:u32=6;57:u16=4:u32=1;58:u16=5:u32=1;131:u16=2:u32=0;174:u16=2:u32=1",,,
2487,0x3a49000,0x1294c,0x1294c,"26:u16=42:u32=8;57:u16=1:u32=0;58:u16=1:u32=0;131:u16=5:u32=3;294:u16=4:u32=0;586:u16=1:u32=1;699:u16=1:u32=0",,,
2488,0x3a5ba00,0x74fc,0x74fc,"26:u16=14:u32=6;57:u16=2:u32=1;58:u16=2:u32=0;131:u16=2:u32=2",,,
2489,0x3a62f00,0x157fc,0x157fc,"26:u16=22:u32=5;57:u16=4:u32=0;58:u16=7:u32=0;131:u16=5:u32=0;174:u16=3:u32=1;294:u16=3:u32=0",,,
2490,0x3a78700,0x19d2c,0x19d2c,"26:u16=12:u32=5;57:u16=13:u32=0;58:u16=24:u32=3;131:u16=11:u32=8;294:u16=13:u32=9;911:u16=2:u32=0",,,
2491,0x3a92500,0xf73c,0xf73c,"26:u16=17:u32=5;57:u16=8:u32=1;58:u16=4:u32=1;131:u16=5:u32=0;174:u16=4:u32=1",,,
2492,0x3aa1d00,0xa62c,0xa62c,"26:u16=9:u32=6;57:u16=6:u32=6;58:u16=1:u32=0;131:u16=2:u32=0",,,
2493,0x3aac400,0x1471c,0x1471c,"26:u16=7:u32=5;57:u16=17:u32=10;58:u16=17:u32=9;131:u16=4:u32=2;174:u16=1:u32=0;294:u16=9:u32=1",,,
2494,0x3ac0c00,0x12c3c,0x12c3c,"26:u16=8:u32=5;57:u16=2:u32=0;58:u16=8:u32=5;131:u16=4:u32=1;174:u16=1:u32=1",,,
2495,0x3ad3900,0x8f7c,0x8f7c,"26:u16=4:u32=2;57:u16=3:u32=1;58:u16=2:u32=1;131:u16=1:u32=0",,,
2496,0x3adc900,0xa6fc,0xa6fc,"26:u16=23:u32=7;57:u16=8:u32=2;58:u16=6:u32=1;131:u16=1:u32=0",,,
2497,0x3ae7000,0x746c,0x746c,"26:u16=21:u32=10;57:u16=2:u32=1;58:u16=2:u32=1",,,
2498,0x3aee500,0xfb7c,0xfb7c,"26:u16=8:u32=2;57:u16=2:u32=0;58:u16=3:u32=1;131:u16=3:u32=0;174:u16=1:u32=0;294:u16=3:u32=3",,,
2499,0x3afe100,0x13d9c,0x13d9c,"26:u16=47:u32=18;57:u16=4:u32=4;58:u16=25:u32=10;131:u16=1:u32=0",,,
2500,0x3b11f00,0x110dc,0x110dc,"26:u16=32:u32=10;57:u16=1:u32=0;58:u16=1:u32=0;131:u16=7:u32=0",,,
2501,0x3b23000,0x599c,0x599c,"26:u16=3:u32=1;57:u16=7:u32=7;58:u16=5:u32=1",,,
2502,0x3b28a00,0xb1bc,0xb1bc,"26:u16=22:u32=11;57:u16=17:u32=5;58:u16=15:u32=4;131:u16=10:u32=9;174:u16=1:u32=1",,,
2503,0x3b33c00,0xbf4c,0xbf4c,"26:u16=6:u32=3;57:u16=4:u32=1;58:u16=5:u32=0;131:u16=9:u32=5;174:u16=6:u32=3",,,
2504,0x3b3fc00,0x120fc,0x120fc,"26:u16=11:u32=4;57:u16=14:u32=11;58:u16=14:u32=6;131:u16=2:u32=0;174:u16=5:u32=5;294:u16=3:u32=0",,,
2505,0x3b51d00,0x1ca6c,0x1ca6c,"26:u16=48:u32=19;57:u16=23:u32=10;58:u16=32:u32=18;131:u16=3:u32=0;174:u16=28:u32=28;586:u16=1:u32=0",,,
2506,0x3b6e800,0x2c5c,0x2c5c,"26:u16=1:u32=0",,,
2507,0x3b71500,0x8e2c,0x8e2c,"26:u16=54:u32=24;57:u16=1:u32=0;58:u16=9:u32=6",,,
2508,0x3b7a400,0x1b43c,0x1b43c,"26:u16=18:u32=8;57:u16=7:u32=4;58:u16=13:u32=4;131:u16=3:u32=0;294:u16=3:u32=3",,,
2509,0x3b95900,0x1028c,0x1028c,"26:u16=15:u32=8;57:u16=10:u32=6;58:u16=9:u32=3;131:u16=1:u32=0;174:u16=3:u32=0",,,
2510,0x3ba5c00,0x22fdc,0x22fdc,"26:u16=75:u32=24;57:u16=14:u32=7;58:u16=14:u32=9;131:u16=19:u32=7;174:u16=1:u32=0;294:u16=2:u32=2",,,
2511,0x3bc8c00,0x467c,0x467c,"26:u16=11:u32=4;57:u16=2:u32=1;58:u16=1:u32=0",,,
2526,0x3bcfd00,0x640c,0x640c,"26:u16=2:u32=2;57:u16=6:u32=3;58:u16=5:u32=3",,,
2527,0x3bd6200,0x4e9c,0x4e9c,"57:u16=1:u32=0;58:u16=127:u32=58",,,
2528,0x3bdb100,0x635c,0x635c,"26:u16=3:u32=2;57:u16=2:u32=0;58:u16=140:u32=72",,,
2529,0x3be1500,0x589c,0x589c,"26:u16=6:u32=4;57:u16=2:u32=2;58:u16=120:u32=49",,,
2530,0x3be6e00,0x5f9c,0x5f9c,"26:u16=1:u32=0;57:u16=2:u32=0;58:u16=3:u32=2",,,
2531,0x3bece00,0x5e5c,0x5e5c,"57:u16=5:u32=2",,,
2532,0x3bf2d00,0x50dc,0x50dc,"26:u16=3:u32=0",,,
2533,0x3bf7e00,0x91dc,0x91dc,"26:u16=1:u32=1;57:u16=4:u32=1;58:u16=8:u32=4;131:u16=1:u32=1",,,
2534,0x3c01000,0x54ac,0x54ac,"26:u16=2:u32=2;57:u16=4:u32=1;58:u16=98:u32=58",,,
2535,0x3c06500,0x2cac,0x2cac,"58:u16=36:u32=20;294:u16=1:u32=0",,,
2536,0x3c09200,0x625c,0x625c,"26:u16=3:u32=1;57:u16=3:u32=0;58:u16=119:u32=68",,,
2537,0x3c0f500,0x5e0c,0x5e0c,"26:u16=4:u32=2;57:u16=3:u32=1;58:u16=109:u32=47",,,
2538,0x3c15400,0x44ac,0x44ac,"26:u16=1:u32=1;58:u16=1:u32=1",,,
2539,0x3c19900,0x2bdc,0x2bdc,"26:u16=3:u32=3;294:u16=1:u32=0",,,
2540,0x3c1c500,0x491c,0x491c,"26:u16=1:u32=1;57:u16=2:u32=2;58:u16=1:u32=1",,,
2546,0x3c21e00,0xe29c,0xe29c,"26:u16=9:u32=4;57:u16=3:u32=1;58:u16=2:u32=1;131:u16=5:u32=5",,,
2547,0x3c30100,0x23f3c,0x23f3c,"26:u16=13:u32=11;131:u16=1:u32=0;174:u16=2:u32=1;294:u16=1:u32=1",,,
2548,0x3c54100,0xe41c,0xe41c,"26:u16=12:u32=9;57:u16=3:u32=2;58:u16=3:u32=1;131:u16=2:u32=1;174:u16=2:u32=2",,,
2549,0x3c62600,0x2a69c,0x2a69c,"26:u16=6:u32=3;57:u16=5:u32=2;58:u16=13:u32=11;131:u16=1:u32=0;174:u16=4:u32=3;294:u16=4:u32=1;586:u16=1:u32=0",,,
2550,0x3c8cd00,0x2492c,0x2492c,"26:u16=13:u32=4;57:u16=4:u32=2;58:u16=7:u32=3;131:u16=1:u32=0;294:u16=4:u32=1",,,
2551,0x3cb1700,0x1293c,0x1293c,"26:u16=9:u32=6;57:u16=8:u32=0;58:u16=15:u32=6;131:u16=1:u32=1;174:u16=1:u32=0",,,
2552,0x3cc4100,0x12a5c,0x12a5c,"26:u16=9:u32=6;57:u16=8:u32=0;58:u16=15:u32=6;131:u16=1:u32=1;174:u16=1:u32=0",,,
2553,0x3cd6c00,0x1363c,0x1363c,"26:u16=9:u32=6;57:u16=8:u32=0;58:u16=15:u32=6;131:u16=1:u32=1;174:u16=2:u32=0",,,
2554,0x3cea300,0x10d6c,0x10d6c,"26:u16=54:u32=16;57:u16=20:u32=5;58:u16=6:u32=4;131:u16=1:u32=1;294:u16=2:u32=0",,,
2555,0x3cfb100,0x10d7c,0x10d7c,"26:u16=54:u32=16;57:u16=20:u32=5;58:u16=6:u32=4;131:u16=1:u32=1",,,
2556,0x3d0bf00,0x10dac,0x10dac,"26:u16=54:u32=16;57:u16=20:u32=5;58:u16=6:u32=4;131:u16=1:u32=1;294:u16=2:u32=0",,,
2557,0x3d1cd00,0x4e7fc,0x4e7fc,"26:u16=19:u32=15;57:u16=92:u32=15;58:u16=92:u32=15;131:u16=42:u32=14;174:u16=15:u32=14;294:u16=15:u32=1",,,
2558,0x3d6b500,0x4e87c,0x4e87c,"26:u16=19:u32=15;57:u16=92:u32=15;58:u16=92:u32=15;131:u16=42:u32=14;174:u16=15:u32=14;294:u16=15:u32=1",,,
2559,0x3db9e00,0x4eafc,0x4eafc,"26:u16=19:u32=15;57:u16=92:u32=15;58:u16=92:u32=15;131:u16=42:u32=14;174:u16=15:u32=14;294:u16=15:u32=1;586:u16=1:u32=0",,,
2560,0x3e08900,0x4e7fc,0x4e7fc,"26:u16=19:u32=15;57:u16=92:u32=15;58:u16=92:u32=15;131:u16=42:u32=14;174:u16=15:u32=14;294:u16=15:u32=1",,,
2563,0x3e57700,0x39cc,0x39cc,"26:u16=47:u32=14",,,
2566,0x3e5b700,0x2f1c,0x2f1c,"26:u16=1:u32=0",,,
2576,0x3e60200,0x46cc,0x46cc,"58:u16=2:u32=2",,,
2577,0x3e64900,0xad7c,0xad7c,"26:u16=5:u32=0;57:u16=1:u32=0;58:u16=1:u32=0;131:u16=2:u32=1;174:u16=3:u32=3;294:u16=1:u32=0",,,
2578,0x3e6f700,0x5e3c,0x5e3c,"26:u16=4:u32=0;57:u16=15:u32=10;58:u16=5:u32=1",,,
2579,0x3e75600,0x837c,0x837c,"26:u16=23:u32=10;57:u16=1:u32=0;58:u16=1:u32=0",,,
2580,0x3e7da00,0x11d7c,0x11d7c,"26:u16=8:u32=5;57:u16=7:u32=4;58:u16=9:u32=4;174:u16=1:u32=0;294:u16=1:u32=0",,,
2581,0x3e8f800,0x618c,0x618c,"26:u16=4:u32=2;57:u16=2:u32=0;58:u16=1:u32=0;131:u16=1:u32=0",,,
2583,0x3e95d00,0x569c,0x569c,"26:u16=15:u32=6;57:u16=2:u32=0;58:u16=3:u32=2",,,
2584,0x3e9b400,0x48dc,0x48dc,"26:u16=1:u32=0;57:u16=1:u32=0",,,
2585,0x3e9fd00,0x7e0c,0x7e0c,"26:u16=12:u32=4;57:u16=1:u32=1;58:u16=2:u32=1",,,
2586,0x3ea7c00,0x565c,0x565c,"26:u16=16:u32=4;57:u16=12:u32=11;58:u16=2:u32=0",,,
2627,0x3eb6600,0x20dc,0x20dc,"26:u16=2:u32=1",,,
2630,0x3ebaa00,0x38cc,0x38cc,"26:u16=2:u32=1",,,
2631,0x3ebe300,0xa3c,0xa3c,"131:u16=1:u32=0",,,
2632,0x3ebee00,0x11fc,0x11fc,"131:u16=2:u32=0",,,
2633,0x3ec0000,0x109c,0x109c,"131:u16=1:u32=0",,,
2634,0x3ec1100,0x16dc,0x16dc,"57:u16=1:u32=0",,,
2635,0x3ec2800,0x118c,0x118c,"131:u16=1:u32=0",,,
2638,0x3ec7600,0x142c,0x142c,"131:u16=1:u32=0",,,
2644,0x3ecf800,0x94c,0x94c,"131:u16=1:u32=0",,,
2645,0x3ed0200,0x119c,0x119c,"131:u16=3:u32=0",,,
2650,0x3ed4900,0x111c,0x111c,"131:u16=1:u32=0",,,
2651,0x3ed5b00,0x229c,0x229c,"26:u16=2:u32=1",,,
2652,0x3ed7e00,0x257c,0x257c,"26:u16=2:u32=1",,,
2653,0x3eda400,0x119c,0x119c,"131:u16=2:u32=0",,,
2657,0x3eddf00,0x13ac,0x13ac,"26:u16=1:u32=0",,,
2659,0x3ee0500,0xd7c,0xd7c,"131:u16=1:u32=0",,,
2667,0x3ee7300,0xcfc,0xcfc,"131:u16=1:u32=0",,,
2672,0x3eea700,0x147c,0x147c,"131:u16=1:u32=0",,,
2674,0x3eebf00,0x10cc,0x10cc,"131:u16=1:u32=0",,,
2683,0x3ef2d00,0x121c,0x121c,"131:u16=2:u32=0",,,
2684,0x3ef4000,0x1c7c,0x1c7c,"26:u16=2:u32=1",,,
2689,0x3ef9a00,0xedc,0xedc,"131:u16=1:u32=0",,,
2692,0x3efc000,0xcdc,0xcdc,"131:u16=2:u32=0",,,
2693,0x3efcd00,0x108c,0x108c,"131:u16=3:u32=0",,,
2694,0x3efde00,0xb0c,0xb0c,"131:u16=1:u32=0",,,
2697,0x3f00b00,0x1a5c,0x1a5c,"131:u16=2:u32=0",,,
2713,0x3f10b00,0x82c,0x82c,"131:u16=1:u32=0",,,
2714,0x3f11400,0x83c,0x83c,"131:u16=1:u32=0",,,
2724,0x3f18c00,0x100c,0x100c,"131:u16=1:u32=0",,,
2726,0x3f1a000,0x1c8c,0x1c8c,"26:u16=1:u32=0",,,
2730,0x3f1d000,0xe1c,0xe1c,"131:u16=2:u32=0",,,
2740,0x3f23500,0x173c,0x173c,"131:u16=2:u32=0",,,
2758,0x3f2e000,0xbdc,0xbdc,"131:u16=1:u32=0",,,
2760,0x3f2ef00,0xcdc,0xcdc,"131:u16=2:u32=0",,,
2770,0x3f33700,0xc6c,0xc6c,"174:u16=1:u32=1",,,
2771,0x3f34400,0x19ac,0x19ac,"131:u16=1:u32=0",,,
2772,0x3f35e00,0xa0c,0xa0c,"131:u16=1:u32=0",,,
2797,0x3f44b00,0x1cec,0x1cec,"26:u16=1:u32=0;131:u16=8:u32=0",,,
2798,0x3f46800,0x255c,0x255c,"26:u16=3:u32=0;131:u16=12:u32=0",,,
2799,0x3f48e00,0x185c,0x185c,"131:u16=4:u32=0",,,
2800,0x3f4a700,0x136c,0x136c,"131:u16=5:u32=0",,,
2801,0x3f4bb00,0xe5c,0xe5c,"131:u16=4:u32=0",,,
2802,0x3f4ca00,0x492c,0x492c,"26:u16=1:u32=1;58:u16=1:u32=0;131:u16=16:u32=0",,,
2803,0x3f51400,0x436c,0x436c,"26:u16=2:u32=2;57:u16=3:u32=1;58:u16=2:u32=1;131:u16=20:u32=0",,,
2804,0x3f55800,0x1b2c,0x1b2c,"131:u16=9:u32=0",,,
2806,0x3f59400,0x134c,0x134c,"131:u16=6:u32=0",,,
2807,0x3f5a800,0x28ac,0x28ac,"26:u16=11:u32=8;131:u16=5:u32=0",,,
2808,0x3f5d100,0x18ec,0x18ec,"131:u16=4:u32=0",,,
2809,0x3f5ea00,0x54dc,0x54dc,"26:u16=6:u32=5;57:u16=4:u32=1;58:u16=3:u32=1;131:u16=18:u32=0",,,
2810,0x3f63f00,0x29ac,0x29ac,"26:u16=2:u32=1;131:u16=5:u32=0",,,
2811,0x3f66900,0x1e7c,0x1e7c,"26:u16=3:u32=2;58:u16=1:u32=0;131:u16=10:u32=0",,,
2812,0x3f68800,0x27cc,0x27cc,"26:u16=4:u32=1;131:u16=3:u32=0",,,
2813,0x3f6b000,0x446c,0x446c,"26:u16=2:u32=0;57:u16=2:u32=0;131:u16=17:u32=0",,,
2814,0x3f6f500,0xa0ac,0xa0ac,"26:u16=26:u32=7;57:u16=2:u32=1;58:u16=4:u32=2;131:u16=8:u32=1",,,
2815,0x3f79600,0x862c,0x862c,"26:u16=17:u32=3;57:u16=3:u32=1;58:u16=4:u32=1;131:u16=42:u32=0",,,
2817,0x3f83400,0x14fc,0x14fc,"57:u16=1:u32=0",,,
2818,0x3f84900,0x14fc,0x14fc,"57:u16=1:u32=0",,,
2819,0x3f85e00,0x14fc,0x14fc,"57:u16=1:u32=0",,,
2820,0x3f87300,0x14fc,0x14fc,"57:u16=1:u32=0",,,
2821,0x3f88800,0x14fc,0x14fc,"57:u16=1:u32=0",,,
2822,0x3f89d00,0x14fc,0x14fc,"57:u16=1:u32=0",,,
2823,0x3f8b200,0x14fc,0x14fc,"57:u16=1:u32=0",,,
2824,0x3f8c700,0x14fc,0x14fc,"57:u16=1:u32=0",,,
2825,0x3f8dc00,0x14fc,0x14fc,"57:u16=1:u32=0",,,
2826,0x3f8f100,0x14fc,0x14fc,"57:u16=1:u32=0",,,
2828,0x3f91b00,0x235c,0x235c,"26:u16=1:u32=0;57:u16=1:u32=1",,,
2829,0x3f93f00,0x233c,0x233c,"26:u16=2:u32=1;57:u16=1:u32=1",,,
2831,0x3f97800,0x5adc,0x5adc,"57:u16=11:u32=6;58:u16=5:u32=0",,,
2834,0x3f9fd00,0x13dc,0x13dc,"57:u16=1:u32=1",,,
2835,0x3fa1100,0x13dc,0x13dc,"57:u16=1:u32=1",,,
2837,0x3fa3a00,0x13dc,0x13dc,"57:u16=1:u32=1",,,
2838,0x3fa4e00,0x13dc,0x13dc,"57:u16=1:u32=1",,,
2839,0x3fa6200,0x13dc,0x13dc,"57:u16=1:u32=1",,,
2853,0x3fb8700,0x14fc,0x14fc,"57:u16=1:u32=0",,,
2861,0x3fc2f00,0x14fc,0x14fc,"57:u16=1:u32=0",,,
2886,0x3fe3c00,0x43bc,0x43bc,"26:u16=2:u32=1;57:u16=10:u32=4;58:u16=9:u32=4",,,
2895,0x3ff2800,0x31cc,0x31cc,"26:u16=2:u32=1;57:u16=1:u32=1",,,
2907,0x3ff7b00,0x450,0x450,"26:u16=1:u32=1;57:u16=1:u32=0;58:u16=1:u32=0",,,
2908,0x3ff8000,0xa40,0xa40,"26:u16=1:u32=0;57:u16=1:u32=1;58:u16=1:u32=1;131:u16=1:u32=0",,,
2909,0x3ff8b00,0x10dc,0x10dc,"131:u16=3:u32=0",,,
2910,0x3ff9c00,0x141c,0x141c,"131:u16=1:u32=0;174:u16=1:u32=0;294:u16=1:u32=0",,,
2911,0x3ffb100,0x1edc,0x1edc,"131:u16=2:u32=0;174:u16=3:u32=1",,,
2912,0x3ffd000,0x109c,0x109c,"131:u16=1:u32=0;174:u16=1:u32=0",,,
2920,0x4000e00,0x115c,0x115c,"131:u16=4:u32=0",,,
2921,0x4002000,0x115c,0x115c,"57:u16=2:u32=0",,,
2925,0x4005800,0x115c,0x115c,"294:u16=1:u32=0",,,
2927,0x4007c00,0x115c,0x115c,"174:u16=2:u32=0",,,
2930,0x400b200,0x115c,0x115c,"131:u16=2:u32=0",,,
2934,0x400da00,0x115c,0x115c,"131:u16=1:u32=0",,,
2935,0x400ec00,0x115c,0x115c,"294:u16=2:u32=0",,,
2938,0x4010b00,0x11dc,0x11dc,"131:u16=1:u32=0;174:u16=1:u32=0",,,
2939,0x4011d00,0x205c,0x205c,"174:u16=2:u32=0",,,
2942,0x4015100,0x141c,0x141c,"174:u16=2:u32=0",,,
2943,0x4016600,0x219c,0x219c,"131:u16=1:u32=0;174:u16=4:u32=1",,,
3010,0x4021200,0x16dc,0x16dc,"174:u16=1:u32=0",,,
3011,0x4022900,0xb9c,0xb9c,"131:u16=2:u32=0;174:u16=1:u32=1",,,
3012,0x4023500,0x1dc,0x1dc,"174:u16=1:u32=0",,,
3013,0x4023700,0x15dc,0x15dc,"131:u16=3:u32=0;174:u16=3:u32=0",,,
3016,0x4025700,0x101c,0x101c,"57:u16=3:u32=2;58:u16=1:u32=0",,,
3019,0x4027300,0x171c,0x171c,"57:u16=3:u32=0;174:u16=1:u32=0",,,
3023,0x402b800,0x209c,0x209c,"131:u16=1:u32=0;174:u16=1:u32=0",,,
3024,0x402d900,0x191c,0x191c,"131:u16=5:u32=3",,,
3025,0x402f300,0x109c,0x109c,"174:u16=1:u32=1",,,
3027,0x4032100,0x1b1c,0x1b1c,"131:u16=2:u32=0;174:u16=2:u32=0",,,
3028,0x4033d00,0x101c,0x101c,"174:u16=2:u32=0",,,
3029,0x4034e00,0x141c,0x141c,"57:u16=1:u32=0;131:u16=4:u32=0",,,
3030,0x4036300,0xddc,0xddc,"174:u16=1:u32=0",,,
3031,0x4037100,0x145c,0x145c,"174:u16=1:u32=0",,,
3032,0x4038600,0x185c,0x185c,"131:u16=2:u32=1",,,
3033,0x4039f00,0xd9c,0xd9c,"131:u16=4:u32=0",,,
3035,0x403b700,0x1f1c,0x1f1c,"174:u16=3:u32=0",,,
3037,0x403e400,0x159c,0x159c,"174:u16=3:u32=0",,,
3038,0x403fa00,0x185c,0x185c,"131:u16=2:u32=0;174:u16=1:u32=0",,,
3041,0x4042600,0x1c1c,0x1c1c,"131:u16=6:u32=3;174:u16=1:u32=0",,,
3042,0x4044300,0x191c,0x191c,"131:u16=1:u32=0",,,
3059,0x404a700,0x2b9c,0x2b9c,"26:u16=3:u32=0;131:u16=2:u32=0",,,
3060,0x404d300,0x2b9c,0x2b9c,"26:u16=3:u32=0;131:u16=1:u32=1;174:u16=2:u32=0",,,
3061,0x404ff00,0x2f5c,0x2f5c,"26:u16=3:u32=0;131:u16=1:u32=0;174:u16=3:u32=0",,,
3062,0x4052f00,0x2e9c,0x2e9c,"26:u16=3:u32=0;131:u16=1:u32=0",,,
3063,0x4055e00,0x301c,0x301c,"26:u16=3:u32=0;174:u16=1:u32=0",,,
3064,0x4058f00,0x2b9c,0x2b9c,"26:u16=3:u32=0;131:u16=2:u32=0;174:u16=1:u32=0",,,
3065,0x405bb00,0x2adc,0x2adc,"26:u16=3:u32=0;174:u16=2:u32=1",,,
3066,0x405e600,0x2b9c,0x2b9c,"26:u16=3:u32=0;57:u16=1:u32=0;131:u16=1:u32=0",,,
3067,0x4061200,0x2a1c,0x2a1c,"26:u16=3:u32=0;131:u16=1:u32=1;174:u16=5:u32=2",,,
3068,0x4063d00,0x2ddc,0x2ddc,"26:u16=3:u32=0",,,
3069,0x4066b00,0x2a1c,0x2a1c,"26:u16=3:u32=0;131:u16=2:u32=0;174:u16=4:u32=0",,,
3070,0x4069600,0x301c,0x301c,"26:u16=3:u32=0;131:u16=1:u32=0;174:u16=4:u32=1",,,
3071,0x406c700,0x2adc,0x2adc,"26:u16=3:u32=0;131:u16=8:u32=1;174:u16=2:u32=0",,,
3072,0x406f200,0x289c,0x289c,"26:u16=3:u32=0;131:u16=1:u32=0;174:u16=1:u32=0",,,
3073,0x4071b00,0x289c,0x289c,"26:u16=3:u32=0",,,
3074,0x4074400,0x2adc,0x2adc,"26:u16=3:u32=0",,,
3075,0x4076f00,0x295c,0x295c,"26:u16=3:u32=0;131:u16=4:u32=0;174:u16=1:u32=0",,,
3076,0x4079900,0x2b9c,0x2b9c,"26:u16=3:u32=0;174:u16=1:u32=0",,,
3077,0x407c500,0x2b9c,0x2b9c,"26:u16=3:u32=0",,,
3078,0x407f100,0x2f5c,0x2f5c,"26:u16=3:u32=0;57:u16=2:u32=0;131:u16=2:u32=1;174:u16=1:u32=1",,,
3079,0x4082100,0x2e9c,0x2e9c,"26:u16=3:u32=0",,,
3080,0x4085000,0x301c,0x301c,"26:u16=3:u32=0;57:u16=3:u32=0",,,
3081,0x4088100,0x2b9c,0x2b9c,"26:u16=3:u32=0;174:u16=3:u32=0",,,
3082,0x408ad00,0x2adc,0x2adc,"26:u16=3:u32=0;174:u16=1:u32=0",,,
3083,0x408d800,0x2b9c,0x2b9c,"26:u16=3:u32=0;131:u16=1:u32=0",,,
3084,0x4090400,0x2a1c,0x2a1c,"26:u16=3:u32=0;131:u16=2:u32=0;174:u16=3:u32=1",,,
3085,0x4092f00,0x2ddc,0x2ddc,"26:u16=3:u32=0;131:u16=1:u32=0;174:u16=1:u32=1",,,
3087,0x4095f00,0x301c,0x301c,"26:u16=3:u32=0;131:u16=1:u32=0",,,
3091,0x409b400,0x2adc,0x2adc,"26:u16=3:u32=0",,,
3092,0x409df00,0x295c,0x295c,"26:u16=3:u32=0;131:u16=5:u32=0;174:u16=2:u32=0",,,
3093,0x40a0900,0x185c,0x185c,"174:u16=2:u32=0",,,
3095,0x40a2400,0x271c,0x271c,"174:u16=1:u32=0",,,
3096,0x40a4c00,0x245c,0x245c,"131:u16=1:u32=0;174:u16=1:u32=0",,,
3125,0x40aea00,0x15dc,0x15dc,"174:u16=3:u32=0",,,
3126,0x40b0000,0x169c,0x169c,"26:u16=1:u32=0;131:u16=1:u32=0;174:u16=1:u32=1",,,
3135,0x40b7200,0x145c,0x145c,"131:u16=4:u32=2;174:u16=1:u32=0",,,
3137,0x40ba200,0x1a5c,0x1a5c,"131:u16=2:u32=0",,,
3138,0x40bbd00,0x1e1c,0x1e1c,"131:u16=47:u32=47;174:u16=1:u32=0",,,
3141,0x40be000,0x1a5c,0x1a5c,"131:u16=1:u32=0",,,
3144,0x40bff00,0x1a1c,0x1a1c,"174:u16=1:u32=0",,,
3146,0x40c1c00,0x18dc,0x18dc,"131:u16=1:u32=0",,,
3147,0x40c3500,0x1edc,0x1edc,"131:u16=48:u32=0",,,
3148,0x40c5400,0x199c,0x199c,"131:u16=5:u32=0;174:u16=1:u32=0",,,
3159,0x40cb300,0x181c,0x181c,"131:u16=1:u32=0",,,
3161,0x40ce500,0x175c,0x175c,"131:u16=2:u32=2;174:u16=2:u32=0",,,
3164,0x40d0100,0x1ddc,0x1ddc,"131:u16=4:u32=2;174:u16=4:u32=0",,,
3166,0x40d2100,0x15dc,0x15dc,"174:u16=2:u32=0",,,
3168,0x40d3900,0x181c,0x181c,"131:u16=1:u32=0",,,
3171,0x40d5600,0x1b5c,0x1b5c,"131:u16=33:u32=0;174:u16=1:u32=0",,,
3172,0x40d7200,0x1f1c,0x1f1c,"26:u16=1:u32=1;57:u16=1:u32=0;131:u16=2:u32=0;174:u16=32:u32=32",,,
3173,0x40d9200,0x1e5c,0x1e5c,"26:u16=1:u32=1;174:u16=2:u32=0",,,
3174,0x40db100,0x1fdc,0x1fdc,"26:u16=1:u32=1",,,
3181,0x40df700,0x1fdc,0x1fdc,"26:u16=1:u32=1;131:u16=1:u32=0;174:u16=1:u32=0",,,
3210,0x40e4f00,0x2b9c,0x2b9c,"26:u16=3:u32=0;174:u16=2:u32=0",,,
3220,0x40e8d00,0x301c,0x301c,"26:u16=3:u32=0;174:u16=2:u32=0",,,
3234,0x40ed800,0x129c,0x129c,"131:u16=12:u32=0;174:u16=1:u32=1",,,
3237,0x40eef00,0x189c,0x189c,"131:u16=1:u32=0;174:u16=2:u32=0",,,
3248,0x40f1c00,0x2b9c,0x2b9c,"26:u16=3:u32=0;174:u16=2:u32=0",,,
3254,0x40f5200,0x301c,0x301c,"26:u16=3:u32=0;174:u16=1:u32=0",,,
3267,0x40f9b00,0x125c,0x125c,"174:u16=2:u32=0",,,
3288,0x40fea00,0x1b1c,0x1b1c,"174:u16=3:u32=1",,,
3297,0x4101600,0x2e9c,0x2e9c,"26:u16=3:u32=0;174:u16=1:u32=0",,,
3305,0x4105300,0x301c,0x301c,"26:u16=3:u32=0;131:u16=1:u32=0",,,
3334,0x410bc00,0x2adc,0x2adc,"26:u16=3:u32=0",,,
3339,0x410ef00,0x301c,0x301c,"26:u16=3:u32=0;131:u16=1:u32=0;174:u16=2:u32=0",,,
3350,0x4113f00,0x115c,0x115c,"26:u16=2:u32=0",,,
3351,0x4115100,0xe5c,0xe5c,"174:u16=1:u32=0",,,
3359,0x4116e00,0x91f0,0x91f0,"26:u16=1:u32=1;57:u16=1:u32=1;58:u16=1:u32=1;131:u16=1:u32=1;174:u16=1:u32=1;294:u16=1:u32=1;586:u16=1:u32=1;699:u16=1:u32=1;911:u16=1:u32=1",,,
3360,0x4120000,0x17c890,0x17c890,"26:u16=1:u32=0;57:u16=1:u32=0;58:u16=1:u32=0;131:u16=1:u32=0;174:u16=1:u32=0;294:u16=1:u32=0;586:u16=1:u32=0;699:u16=6:u32=0;911:u16=1:u32=0",,,
3364,0x42a1200,0x4f5ce,0x4f5ce,"26:u16=12:u32=12;57:u16=136:u32=136;58:u16=1:u32=1;131:u16=6:u32=0;294:u16=1:u32=0;911:u16=6:u32=0",,,
3365,0x42f0800,0x29b4,0x29b4,"26:u16=5:u32=0;57:u16=18:u32=18",,,"text_heavy"
3368,0x42f3b00,0x260,0x260,"26:u16=3:u32=0;57:u16=2:u32=0;58:u16=2:u32=0;131:u16=2:u32=0",,,
3369,0x42f3e00,0x60,0x60,"58:u16=1:u32=1",,,
3370,0x42f3f00,0x7d10,0x7d10,"26:u16=2:u32=2;57:u16=2:u32=2",,,
3371,0x42fbd00,0x490,0x490,"26:u16=2:u32=0",,,
3377,0x42fc700,0x2e0,0x2e0,"26:u16=1:u32=1",,,
3380,0x42fce00,0x610,0x610,"26:u16=1:u32=0;57:u16=1:u32=1;58:u16=1:u32=1",,,
3383,0x42fd700,0x4c0,0x4c0,"26:u16=2:u32=0",,,
3395,0x42ff600,0x550,0x550,"26:u16=1:u32=0",,,
3401,0x4300600,0x430,0x430,"26:u16=2:u32=0",,,
3403,0x4300c00,0x3a0,0x3a0,"294:u16=1:u32=1",,,
3404,0x4301000,0x2e0,0x2e0,"26:u16=3:u32=0",,,
3405,0x4301300,0x790,0x790,"57:u16=1:u32=0",,,
3407,0x4301c00,0x400,0x400,"26:u16=2:u32=0",,,
3417,0x4303200,0x580,0x580,"26:u16=1:u32=0",,,
3425,0x4304d00,0x370,0x370,"26:u16=2:u32=0",,,
3434,0x4306300,0x280,0x280,"586:u16=1:u32=1",,,
3441,0x4307700,0x430,0x430,"26:u16=1:u32=0",,,
3442,0x4307c00,0x5b0,0x5b0,"26:u16=1:u32=0",,,
3443,0x4308200,0x3d0,0x3d0,"26:u16=1:u32=0",,,
3445,0x4308a00,0x490,0x490,"26:u16=5:u32=0",,,
3446,0x4308f00,0x220,0x220,"26:u16=1:u32=1;699:u16=1:u32=1",,,
3451,0x4309e00,0x430,0x430,"26:u16=1:u32=0",,,
3452,0x430a300,0x5e0,0x5e0,"26:u16=1:u32=0",,,
3455,0x430ae00,0x490,0x490,"26:u16=2:u32=0",,,
3456,0x430b300,0x4f0,0x4f0,"26:u16=3:u32=1",,,
3457,0x430b800,0x640,0x640,"26:u16=2:u32=0",,,
3458,0x430bf00,0x490,0x490,"26:u16=1:u32=0",,,
3462,0x430c900,0x610,0x610,"26:u16=3:u32=0",,,
3505,0x4310800,0x3a0,0x3a0,"26:u16=2:u32=0",,,
3506,0x4310c00,0x220,0x220,"699:u16=1:u32=1",,,
3511,0x4311800,0x3d0,0x3d0,"26:u16=2:u32=0",,,
3515,0x4312200,0x430,0x430,"26:u16=2:u32=0",,,
3517,0x4312800,0x5b0,0x5b0,"26:u16=2:u32=0",,,
3518,0x4312e00,0x3d0,0x3d0,"26:u16=2:u32=0",,,
3522,0x4313500,0x1c0,0x1c0,"911:u16=1:u32=1",,,
3533,0x4314a00,0x5e0,0x5e0,"26:u16=2:u32=0",,,
3571,0x4317500,0x640,0x640,"26:u16=1:u32=1",,,
3573,0x4317f00,0x310,0x310,"26:u16=2:u32=0",,,
3578,0x4319000,0x490,0x490,"26:u16=2:u32=0",,,
3580,0x4319900,0x340,0x340,"26:u16=4:u32=0",,,
3584,0x431a900,0x460,0x460,"26:u16=2:u32=0",,,
3586,0x431b000,0x5e0,0x5e0,"26:u16=3:u32=1;57:u16=1:u32=0;58:u16=2:u32=0",,,
3588,0x431b900,0x400,0x400,"26:u16=2:u32=0",,,
3589,0x431bd00,0x2b0,0x2b0,"26:u16=2:u32=0",,,
3591,0x431c400,0x400,0x400,"26:u16=2:u32=0",,,
3592,0x431c800,0x3a0,0x3a0,"26:u16=2:u32=0",,,
3616,0x431e800,0x550,0x550,"26:u16=2:u32=0",,,
3619,0x431f000,0x3a0,0x3a0,"26:u16=1:u32=0",,,
3623,0x431fd00,0x6d0,0x6d0,"26:u16=2:u32=0",,,
3674,0x4329800,0x2dd0,0x2dd0,"911:u16=1:u32=0",,,"text_heavy"
3678,0x432eb00,0x30,0x30,"26:u16=1:u32=0",,,
3680,0x4337600,0x8e0,0x8e0,"26:u16=41:u32=0",,,
3682,0x4338600,0x330,0x330,"26:u16=1:u32=0",,,
3683,0x4338a00,0x790,0x790,"131:u16=1:u32=0",,,
3686,0x4339800,0x280,0x280,"294:u16=1:u32=1",,,
3696,0x433b200,0x250,0x250,"26:u16=2:u32=2",,,
3704,0x433cb00,0x3d0,0x3d0,"26:u16=2:u32=2",,,
