archive,source_file,target_file,hash,size,sha256,target_model_candidate,notes
CharacterEditor,MPLC026_Law.g1m,MDLC999_Law_Custom.g1m,0x8df2d8cb,1943768,E6B05FA10CE2D99248B4F6DACC4A91F2F9CE2CCCAB10AD1B9C7B07FFC0E46246,730,official shared Law model hash; do not replace globally for slot 5
MaterialEditor,MPR_Bound_Character_MPLC026Law_cloth_kidsalb.g1t,MPR_Bound_Character_MDLC999LawCustom_cloth_kidsalb.g1t,0x966d6276,699104,9E66551B0E383794D790AA999D8DFEF4924DD45498AE87BCEE0BC7115CF2D062,730,official shared Law material hash; needs private alias or safe binding
MaterialEditor,MPR_Bound_Character_MPLC026Law_cloth_kidsnmh.g1t,MPR_Bound_Character_MDLC999LawCustom_cloth_kidsnmh.g1t,0x81b6a8a8,349584,53964758BA557B7113CE0802FB5AE431329C7DCE5710D3187AB84D9AAAB2723A,730,official shared Law material hash; needs private alias or safe binding
MaterialEditor,MPR_Bound_Character_MPLC026Law_cloth_kidsocc.g1t,MPR_Bound_Character_MDLC999LawCustom_cloth_kidsocc.g1t,0x38a6472e,349584,A256D23B17F0104FEE16100B50F203F4E8D60F5464114C9B99B1C2EA05362E11,730,official shared Law material hash; needs private alias or safe binding
MaterialEditor,MPR_Bound_Character_MPLC026Law_cloth_kidsrfr.g1t,MPR_Bound_Character_MDLC999LawCustom_cloth_kidsrfr.g1t,0xd341d61d,349584,D54BB8E53B21399BF8D330B793CB50754E65EB301B40131C1196D8542CD27B87,730,official shared Law material hash; needs private alias or safe binding
MaterialEditor,MPR_Bound_Character_MPLC026Law_skin_kidsalb.g1t,MPR_Bound_Character_MDLC999LawCustom_skin_kidsalb.g1t,0x8b5cca29,16777272,5DFD68B6E1BE7DE6817ED43129D5562D6CAB0BF257C6E785CE1FAD542CB49123,730,official shared Law material hash; needs private alias or safe binding
MaterialEditor,MPR_Bound_Character_MPLC026Law_skin_kidsnmh.g1t,MPR_Bound_Character_MDLC999LawCustom_skin_kidsnmh.g1t,0x2798f5b7,22369592,A8FB9436C513B46A400D2FF9B4E44F70842918C235607715B3D0A61B6446337F,730,official shared Law material hash; needs private alias or safe binding
MaterialEditor,MPR_Bound_Character_MPLC026Law_skin_kidsocc.g1t,MPR_Bound_Character_MDLC999LawCustom_skin_kidsocc.g1t,0x90986e71,22369592,DEA9C81C7CDA2D92DD11334D2B61C77C27C527346C17573BCC162C2D7EC45B37,730,official shared Law material hash; needs private alias or safe binding
MaterialEditor,MPR_Bound_Character_MPLC026Law_skin_kidss4m.g1t,MPR_Bound_Character_MDLC999LawCustom_skin_kidss4m.g1t,0xbb2a9834,22369592,3C75CFDC9BF03F00595392F0D11F32AC3B57EA5F153EE7298E5CCB427DC07C29,730,official shared Law material hash; needs private alias or safe binding
